,FIPS,Geographic Identifier,Area Name,Qualifying Name,State Postal Abbreviation,Total Population,Total Population.1,Population Density (Per Sq. Mile),Area (Land),Total Population:,Total Population: Under 5 Years,Total Population: 5 to 9 Years,Total Population: 10 to 14 Years,Total Population: 15 to 17 Years,Total Population: 18 to 24 Years,Total Population: 25 to 34 Years,Total Population: 35 to 44 Years,Total Population: 45 to 54 Years,Total Population: 55 to 64 Years,Total Population: 65 to 74 Years,Total Population: 75 to 84 Years,Total Population: 85 Years and Over,% Total Population: Under 5 Years,% Total Population: 5 to 9 Years,% Total Population: 10 to 14 Years,% Total Population: 15 to 17 Years,% Total Population: 18 to 24 Years,% Total Population: 25 to 34 Years,% Total Population: 35 to 44 Years,% Total Population: 45 to 54 Years,% Total Population: 55 to 64 Years,% Total Population: 65 to 74 Years,% Total Population: 75 to 84 Years,% Total Population: 85 Years and Over,Total Population.2,Total Population: Not Hispanic or Latino,Total Population: Not Hispanic or Latino: White Alone,Total Population: Not Hispanic or Latino: Black or African American Alone,Total Population: Not Hispanic or Latino: American Indian and Alaska Native Alone,Total Population: Not Hispanic or Latino: Asian Alone,Total Population: Not Hispanic or Latino: Native Hawaiian and Other Pacific Islander Alone,Total Population: Not Hispanic or Latino: Some Other Race Alone,Total Population: Not Hispanic or Latino: Two or More Races,Total Population: Hispanic or Latino,Total Population: Hispanic or Latino: White Alone,Total Population: Hispanic or Latino: Black or African American Alone,Total Population: Hispanic or Latino: American Indian and Alaska Native Alone,Total Population: Hispanic or Latino: Asian Alone,Total Population: Hispanic or Latino: Native Hawaiian and Other Pacific Islander Alone,Total Population: Hispanic or Latino: Some Other Race Alone,Total Population: Hispanic or Latino: Two or More Races,% Total Population: Not Hispanic or Latino,% Total Population: Not Hispanic or Latino: White Alone,% Total Population: Not Hispanic or Latino: Black or African American Alone,% Total Population: Not Hispanic or Latino: American Indian and Alaska Native Alone,% Total Population: Not Hispanic or Latino: Asian Alone,% Total Population: Not Hispanic or Latino: Native Hawaiian and Other Pacific Islander Alone,% Total Population: Not Hispanic or Latino: Some Other Race Alone,% Total Population: Not Hispanic or Latino: Two or More Races,% Total Population: Hispanic or Latino,% Total Population: Hispanic or Latino: White Alone,% Total Population: Hispanic or Latino: Black or African American Alone,% Total Population: Hispanic or Latino: American Indian and Alaska Native Alone,% Total Population: Hispanic or Latino: Asian Alone,% Total Population: Hispanic or Latino: Native Hawaiian and Other Pacific Islander Alone,% Total Population: Hispanic or Latino: Some Other Race Alone,% Total Population: Hispanic or Latino: Two or More Races,Total Population:.1,Total Population: Population in Group Quarters,Total Population: Population Not in Group Quarters,% Total Population: Population in Group Quarters,% Total Population: Population Not in Group Quarters,Population 25 Years and Over:,Population 25 Years and Over: Less than High School,Population 25 Years and Over: High School Graduate (Includes Equivalency),Population 25 Years and Over: Some College,Population 25 Years and Over: Bachelor's Degree,Population 25 Years and Over: Master's Degree,Population 25 Years and Over: Professional School Degree,Population 25 Years and Over: Doctorate Degree,% Population 25 Years and Over: Less than High School,% Population 25 Years and Over: High School Graduate (Includes Equivalency),% Population 25 Years and Over: Some College,% Population 25 Years and Over: Bachelor's Degree,% Population 25 Years and Over: Master's Degree,% Population 25 Years and Over: Professional School Degree,% Population 25 Years and Over: Doctorate Degree,Civilian Population 16 to 19 Years:,"Civilian Population 16 to 19 Years: Not High School Graduate, Not Enrolled (Dropped Out)","Civilian Population 16 to 19 Years: High School Graduate, or Enrolled (In School)","% Civilian Population 16 to 19 Years: Not High School Graduate, Not Enrolled (Dropped Out)","% Civilian Population 16 to 19 Years: High School Graduate, or Enrolled (In School)",Population 16 Years and Over:,Population 16 Years and Over: in Labor Force,Population 16 Years and Over: in Labor Force: in Armed Forces,Population 16 Years and Over: in Labor Force: Civilian,Population 16 Years and Over: in Labor Force: Civilian: Employed,Population 16 Years and Over: in Labor Force: Civilian: Unemployed,Population 16 Years and Over: Not in Labor Force,% Population 16 Years and Over: in Labor Force,% Population 16 Years and Over: in Labor Force: in Armed Forces,% Population 16 Years and Over: in Labor Force: Civilian,% Population 16 Years and Over: in Labor Force: Civilian: Employed,% Population 16 Years and Over: in Labor Force: Civilian: Unemployed,% Population 16 Years and Over: Not in Labor Force,Civilian Population in Labor Force 16 Years and Over:,Civilian Population in Labor Force 16 Years and Over: Employed,Civilian Population in Labor Force 16 Years and Over: Unemployed,% Civilian Population in Labor Force 16 Years and Over: Employed,% Civilian Population in Labor Force 16 Years and Over: Unemployed,Households:,"Households: Less than $10,000","Households: $10,000 to $14,999","Households: $15,000 to $19,999","Households: $20,000 to $24,999","Households: $25,000 to $29,999","Households: $30,000 to $34,999","Households: $35,000 to $39,999","Households: $40,000 to $44,999","Households: $45,000 to $49,999","Households: $50,000 to $59,999","Households: $60,000 to $74,999","Households: $75,000 to $99,999","Households: $100,000 to $124,999","Households: $125,000 to $149,999","Households: $150,000 to $199,999","Households: $200,000 or More","% Households: Less than $10,000","% Households: $10,000 to $14,999","% Households: $15,000 to $19,999","% Households: $20,000 to $24,999","% Households: $25,000 to $29,999","% Households: $30,000 to $34,999","% Households: $35,000 to $39,999","% Households: $40,000 to $44,999","% Households: $45,000 to $49,999","% Households: $50,000 to $59,999","% Households: $60,000 to $74,999","% Households: $75,000 to $99,999","% Households: $100,000 to $124,999","% Households: $125,000 to $149,999","% Households: $150,000 to $199,999","% Households: $200,000 or More",Median Household Income (In 2019 Inflation Adjusted Dollars),Per Capita Income (In 2019 Inflation Adjusted Dollars),Gini Index,Housing Units,Housing Units:,Housing Units: Occupied,Housing Units: Vacant,% Housing Units: Occupied,% Housing Units: Vacant,Renter-Occupied Housing Units,Renter-Occupied Housing Units: Built 2014 or Later,Renter-Occupied Housing Units: Built 2010 to 2013,Renter-Occupied Housing Units: Built 2000 to 2009,Renter-Occupied Housing Units: Built 1990 to 1999,Renter-Occupied Housing Units: Built 1980 to 1989,Renter-Occupied Housing Units: Built 1970 to 1979,Renter-Occupied Housing Units: Built 1960 to 1969,Renter-Occupied Housing Units: Built 1950 to 1959,Renter-Occupied Housing Units: Built 1940 to 1949,Renter-Occupied Housing Units: Built 1939 or Earlier,% Renter-Occupied Housing Units: Built 2014 or Later,% Renter-Occupied Housing Units: Built 2010 to 2013,% Renter-Occupied Housing Units: Built 2000 to 2009,% Renter-Occupied Housing Units: Built 1990 to 1999,% Renter-Occupied Housing Units: Built 1980 to 1989,% Renter-Occupied Housing Units: Built 1970 to 1979,% Renter-Occupied Housing Units: Built 1960 to 1969,% Renter-Occupied Housing Units: Built 1950 to 1959,% Renter-Occupied Housing Units: Built 1940 to 1949,% Renter-Occupied Housing Units: Built 1939 or Earlier,Owner-Occupied Housing Units:,"Owner-Occupied Housing Units: Less than $20,000","Owner-Occupied Housing Units: $20,000 to $49,999","Owner-Occupied Housing Units: $50,000 to $99,999","Owner-Occupied Housing Units: $100,000 to $149,999","Owner-Occupied Housing Units: $150,000 to $299,999","Owner-Occupied Housing Units: $300,000 to $499,999","Owner-Occupied Housing Units: $500,000 to $749,999","Owner-Occupied Housing Units: $750,000 to $999,999","Owner-Occupied Housing Units: $1,000,000 or More","% Owner-Occupied Housing Units: Less than $20,000","% Owner-Occupied Housing Units: $20,000 to $49,999","% Owner-Occupied Housing Units: $50,000 to $99,999","% Owner-Occupied Housing Units: $100,000 to $149,999","% Owner-Occupied Housing Units: $150,000 to $299,999","% Owner-Occupied Housing Units: $300,000 to $499,999","% Owner-Occupied Housing Units: $500,000 to $749,999","% Owner-Occupied Housing Units: $750,000 to $999,999","% Owner-Occupied Housing Units: $1,000,000 or More",Renter-Occupied Housing Units with Cash Rent:,Renter-Occupied Housing Units with Cash Rent: Less than $300,Renter-Occupied Housing Units with Cash Rent: $300 to $599,Renter-Occupied Housing Units with Cash Rent: $600 to $799,Renter-Occupied Housing Units with Cash Rent: $800 to $999,"Renter-Occupied Housing Units with Cash Rent: $1,000 to $1,249","Renter-Occupied Housing Units with Cash Rent: $1,250 to $1,499","Renter-Occupied Housing Units with Cash Rent: $1,500 to $1,999","Renter-Occupied Housing Units with Cash Rent: $2,000 or More",% Renter-Occupied Housing Units with Cash Rent: Less than $300,% Renter-Occupied Housing Units with Cash Rent: $300 to $599,% Renter-Occupied Housing Units with Cash Rent: $600 to $799,% Renter-Occupied Housing Units with Cash Rent: $800 to $999,"% Renter-Occupied Housing Units with Cash Rent: $1,000 to $1,249","% Renter-Occupied Housing Units with Cash Rent: $1,250 to $1,499","% Renter-Occupied Housing Units with Cash Rent: $1,500 to $1,999","% Renter-Occupied Housing Units with Cash Rent: $2,000 or More",Population for Whom Poverty Status Is Determined:,Population for Whom Poverty Status Is Determined: Under .50,Population for Whom Poverty Status Is Determined: .50 to .74,Population for Whom Poverty Status Is Determined: .75 to .99,Population for Whom Poverty Status Is Determined: 1.00 to 1.49,Population for Whom Poverty Status Is Determined: 1.50 to 1.99,Population for Whom Poverty Status Is Determined: 2.00 and Over,% Population for Whom Poverty Status Is Determined: Under .50,% Population for Whom Poverty Status Is Determined: .50 to .74,% Population for Whom Poverty Status Is Determined: .75 to .99,% Population for Whom Poverty Status Is Determined: 1.00 to 1.49,% Population for Whom Poverty Status Is Determined: 1.50 to 1.99,% Population for Whom Poverty Status Is Determined: 2.00 and Over,Workers 16 Years and Over:,"Workers 16 Years and Over: Car, Truck, or Van",Workers 16 Years and Over: Drove Alone,Workers 16 Years and Over: Carpooled,Workers 16 Years and Over: Public Transportation (Includes Taxicab),Workers 16 Years and Over: Motorcycle,Workers 16 Years and Over: Bicycle,Workers 16 Years and Over: Walked,Workers 16 Years and Over: Other Means,Workers 16 Years and Over: Worked At Home,"% Workers 16 Years and Over: Car, Truck, or Van",% Workers 16 Years and Over: Drove Alone,% Workers 16 Years and Over: Carpooled,% Workers 16 Years and Over: Public Transportation (Includes Taxicab),% Workers 16 Years and Over: Motorcycle,% Workers 16 Years and Over: Bicycle,% Workers 16 Years and Over: Walked,% Workers 16 Years and Over: Other Means,% Workers 16 Years and Over: Worked At Home,Workers 16 Years and Over:.1,Workers 16 Years and Over: Did Not Work At Home,Workers 16 Years and Over: Did Not Work At Home: Less than 10 Minutes,Workers 16 Years and Over: Did Not Work At Home: 10 to 19 Minutes,Workers 16 Years and Over: Did Not Work At Home: 20 to 29 Minutes,Workers 16 Years and Over: Did Not Work At Home: 30 to 39 Minutes,Workers 16 Years and Over: Did Not Work At Home: 40 to 59 Minutes,Workers 16 Years and Over: Did Not Work At Home: 60 to 89 Minutes,Workers 16 Years and Over: Did Not Work At Home: 90 or More Minutes,Workers 16 Years and Over: Worked At Home.1,% Workers 16 Years and Over: Did Not Work At Home,% Workers 16 Years and Over: Did Not Work At Home: Less than 10 Minutes,% Workers 16 Years and Over: Did Not Work At Home: 10 to 19 Minutes,% Workers 16 Years and Over: Did Not Work At Home: 20 to 29 Minutes,% Workers 16 Years and Over: Did Not Work At Home: 30 to 39 Minutes,% Workers 16 Years and Over: Did Not Work At Home: 40 to 59 Minutes,% Workers 16 Years and Over: Did Not Work At Home: 60 to 89 Minutes,% Workers 16 Years and Over: Did Not Work At Home: 90 or More Minutes,% Workers 16 Years and Over: Worked At Home.1,GEOID10,B_NAIP,G_NAIP,R_NAIP,NIR_NAIP,NDVI,NDBI,ECOSTRESS_0827,ESA_LC_MODE,LST_0824,LST_Composite,MODIS_0825,MODIS_0827,MODIS_0828,MODIS_0829,MODIS_0830,Impervious_Surface,Tree_Coverage,af_t,pm_t
0,370630020181,15000US370630020181,Block Group 1,"Block Group 1, Census Tract 20.18, Durham County, North Carolina",nc,2570,2570,1424.268,1.804435387,2570,40,103,115,47,135,231,360,318,186,372,303,360,1.56,4.01,4.47,1.83,5.25,8.99,14.01,12.37,7.24,14.47,11.79,14.01,2570,2524,2174,187,17,78,0,0,68,46,46,0,0,0,0,0,0,98.21,84.59,7.28,0.66,3.04,0.0,0.0,2.65,1.79,1.79,0.0,0,0.0,0,0.0,0.0,2570,,,,,2130,42,49,172,824,417,260,366,1.97,2.3,8.08,38.69,19.58,12.21,17.18,131,0,131,0.0,100.0,2291,1084,0,1084,1008,76,1207,47.32,0.0,47.32,44.0,3.32,52.68,1084,1008,76,92.99,7.01,1530,120,86,38,53,100,21,17,89,0,34,102,106,131,93,263,277,7.84,5.62,2.48,3.46,6.54,1.37,1.11,5.82,0.0,2.22,6.67,6.93,8.56,6.08,17.19,18.1,99853.0,83488,,1530,1530,1530,0,100.0,0.0,497,0,0,137,240,102,0,0,0,0,18,0.0,0.0,27.57,48.29,20.52,0.0,0.0,0.0,0.0,3.62,1033,0,0,0,0,345,230,365,77,16,0.0,0.0,0.0,0.0,33.4,22.27,35.33,7.45,1.55,479,0,0,0,22,79,81,126,171,0.0,0.0,0.0,4.59,16.49,16.91,26.3,35.7,2570,240,,,138,79,2078,9.34,,,5.37,3.07,80.86,878,762,690,72,0,0,0,47,13,56,86.79,78.59,8.2,0.0,0.0,0.0,5.35,1.48,6.38,878,822,27,460,178,65,92,0,0,56,93.62,3.08,52.39,20.27,7.4,10.48,0.0,0.0,6.38,370630020181.0,105.720565795898,123.34895324707,99.4585037231445,175.199722290039,0.565551578998565,-0.225941434502601,307.462158203125,10.0,47714.3359375,45785.87890625,15169.298828125,15342.7978515625,15148.6201171875,15239.4169921875,15371.7392578125,22.4167022705078,59.7000274658203,96.9024543762207,91.2346008300781
1,371350107031,15000US371350107031,Block Group 1,"Block Group 1, Census Tract 107.03, Orange County, North Carolina",nc,2982,2982,6581.556,0.453084339,2982,153,187,133,14,308,1141,422,172,252,48,132,20,5.13,6.27,4.46,0.47,10.33,38.26,14.15,5.77,8.45,1.61,4.43,0.67,2982,2872,1903,552,0,290,0,0,127,110,110,0,0,0,0,0,0,96.31,63.82,18.51,0.0,9.73,0.0,0.0,4.26,3.69,3.69,0.0,0,0.0,0,0.0,0.0,2982,,,,,2187,70,221,552,567,585,50,142,3.2,10.11,25.24,25.93,26.75,2.29,6.49,46,0,46,0.0,100.0,2509,1799,0,1799,1741,58,710,71.7,0.0,71.7,69.39,2.31,28.3,1799,1741,58,96.78,3.22,1391,165,224,33,34,116,33,93,96,58,145,123,127,57,17,70,0,11.86,16.1,2.37,2.44,8.34,2.37,6.69,6.9,4.17,10.42,8.84,9.13,4.1,1.22,5.03,0.0,39671.0,25333,,1511,1511,1391,120,92.06,7.94,1212,0,25,127,214,274,306,248,0,18,0,0.0,2.06,10.48,17.66,22.61,25.25,20.46,0.0,1.49,0.0,179,0,0,0,53,52,74,0,0,0,0.0,0.0,0.0,29.61,29.05,41.34,0.0,0.0,0.0,1212,62,20,35,486,310,155,111,33,5.12,1.65,2.89,40.1,25.58,12.79,9.16,2.72,2982,290,,,153,455,1656,9.73,,,5.13,15.26,55.53,1677,1238,1046,192,268,0,79,0,0,92,73.82,62.37,11.45,15.98,0.0,4.71,0.0,0.0,5.49,1677,1585,91,390,460,453,108,72,11,92,94.51,5.43,23.26,27.43,27.01,6.44,4.29,0.66,5.49,371350107031.0,116.963333129882,133.830795288085,112.792533874511,165.62890625,0.496308118104934,-0.177666738629341,307.96743774414,10.0,48365.48828125,46200.6171875,15114.9775390625,15198.193359375,14967.4716796875,15114.0498046875,15245.9833984375,31.7226505279541,82.0776443481445,97.4087455749511,93.5176559448242
2,371350107032,15000US371350107032,Block Group 2,"Block Group 2, Census Tract 107.03, Orange County, North Carolina",nc,864,864,4941.819,0.174834401,864,20,42,60,13,96,301,110,94,55,50,23,0,2.31,4.86,6.94,1.5,11.11,34.84,12.73,10.88,6.37,5.79,2.66,0.0,864,732,536,35,0,104,0,0,57,132,112,0,0,0,0,20,0,84.72,62.04,4.05,0.0,12.04,0.0,0.0,6.6,15.28,12.96,0.0,0,0.0,0,2.31,0.0,864,,,,,633,124,0,37,219,153,60,40,19.59,0.0,5.85,34.6,24.17,9.48,6.32,0,0,0,,,729,547,0,547,486,61,182,75.03,0.0,75.03,66.67,8.37,24.97,547,486,61,88.85,11.15,496,22,26,51,117,40,20,0,0,0,124,34,19,43,0,0,0,4.44,5.24,10.28,23.59,8.06,4.03,0.0,0.0,0.0,25.0,6.85,3.83,8.67,0.0,0.0,0.0,,25326,,533,533,496,37,93.06,6.94,431,0,0,31,39,45,205,72,25,14,0,0.0,0.0,7.19,9.05,10.44,47.56,16.71,5.8,3.25,0.0,65,0,0,0,9,38,18,0,0,0,0.0,0.0,0.0,13.85,58.46,27.69,0.0,0.0,0.0,409,0,0,147,125,63,20,54,0,0.0,0.0,35.94,30.56,15.4,4.89,13.2,0.0,864,34,,,77,191,416,3.94,,,8.91,22.11,48.15,486,218,198,20,82,0,60,21,51,54,44.86,40.74,4.12,16.87,0.0,12.35,4.32,10.49,11.11,486,432,50,118,102,137,0,25,0,54,88.89,10.29,24.28,20.99,28.19,0.0,5.14,0.0,11.11,371350107032.0,114.763900756835,131.821395874023,111.856910705566,156.262802124023,0.461469739675521,-0.145777583122253,308.798736572265,10.0,48735.0546875,46493.890625,15267.3916015625,15223.634765625,14972.6689453125,15152.029296875,15299.42578125,34.9681854248046,44.4491729736328,97.9706275939941,93.7776062011718
3,371350107033,15000US371350107033,Block Group 3,"Block Group 3, Census Tract 107.03, Orange County, North Carolina",nc,1480,1480,14449.52,0.102425571,1480,75,100,0,18,505,411,105,105,76,85,0,0,5.07,6.76,0.0,1.22,34.12,27.77,7.09,7.09,5.14,5.74,0.0,0.0,1480,1436,670,286,0,437,0,0,43,44,0,0,0,0,0,44,0,97.03,45.27,19.32,0.0,29.53,0.0,0.0,2.91,2.97,0.0,0.0,0,0.0,0,2.97,0.0,1480,,,,,782,81,80,370,178,0,0,73,10.36,10.23,47.31,22.76,0.0,0.0,9.34,139,0,139,0.0,100.0,1305,944,0,944,918,26,361,72.34,0.0,72.34,70.34,1.99,27.66,944,918,26,97.25,2.75,732,114,15,37,109,0,108,36,11,48,158,49,47,0,0,0,0,15.57,2.05,5.05,14.89,0.0,14.75,4.92,1.5,6.56,21.58,6.69,6.42,0.0,0.0,0.0,0.0,32106.0,19943,,850,850,732,118,86.12,13.88,714,0,39,34,193,165,219,64,0,0,0,0.0,5.46,4.76,27.03,23.11,30.67,8.96,0.0,0.0,0.0,18,0,0,0,0,18,0,0,0,0,0.0,0.0,0.0,0.0,100.0,0.0,0.0,0.0,0.0,714,0,0,160,167,83,255,49,0,0.0,0.0,22.41,23.39,11.62,35.71,6.86,0.0,1480,201,,,138,384,489,13.58,,,9.32,25.95,33.04,918,666,525,141,127,0,125,0,0,0,72.55,57.19,15.36,13.83,0.0,13.62,0.0,0.0,0.0,918,918,60,463,132,96,127,15,25,0,100.0,6.54,50.44,14.38,10.46,13.83,1.63,2.72,0.0,371350107033.0,118.282402038574,136.373489379882,118.624443054199,145.170715332031,0.419981092214584,-0.118799686431884,312.329345703125,10.0,49453.48828125,47129.6953125,15257.43359375,15226.12109375,15031.9072265625,15153.12890625,15283.7529296875,42.4287338256835,71.4553604125976,98.6569709777832,95.0209152221679
4,371350107034,15000US371350107034,Block Group 4,"Block Group 4, Census Tract 107.03, Orange County, North Carolina",nc,609,609,3233.145,0.18836149,609,24,45,52,0,34,274,17,0,103,17,43,0,3.94,7.39,8.54,0.0,5.58,44.99,2.79,0.0,16.91,2.79,7.06,0.0,609,456,357,36,0,14,0,0,49,153,67,0,0,0,0,86,0,74.88,58.62,5.91,0.0,2.3,0.0,0.0,8.05,25.12,11.0,0.0,0,0.0,0,14.12,0.0,609,,,,,454,34,72,106,220,22,0,0,7.49,15.86,23.35,48.46,4.85,0.0,0.0,0,0,0,,,488,369,0,369,369,0,119,75.61,0.0,75.61,75.61,0.0,24.39,369,369,0,100.0,0.0,259,0,15,0,17,62,0,20,0,11,30,22,68,0,0,14,0,0.0,5.79,0.0,6.56,23.94,0.0,7.72,0.0,4.25,11.58,8.49,26.25,0.0,0.0,5.41,0.0,50662.0,26601,,305,305,259,46,84.92,15.08,132,0,0,0,14,26,34,17,0,22,19,0.0,0.0,0.0,10.61,19.7,25.76,12.88,0.0,16.67,14.39,127,0,0,0,36,37,54,0,0,0,0.0,0.0,0.0,28.35,29.13,42.52,0.0,0.0,0.0,132,15,0,0,17,46,41,13,0,11.36,0.0,0.0,12.88,34.85,31.06,9.85,0.0,609,39,,,131,79,334,6.4,,,21.51,12.97,54.84,369,234,184,50,69,22,44,0,0,0,63.41,49.86,13.55,18.7,5.96,11.92,0.0,0.0,0.0,369,369,50,225,0,36,17,19,22,0,100.0,13.55,60.98,0.0,9.76,4.61,5.15,5.96,0.0,371350107034.0,112.207023620605,129.891647338867,107.035949707031,164.6416015625,0.534466505050659,-0.194476455450057,309.078918457031,10.0,48313.16015625,46209.1484375,15341.7822265625,15281.3056640625,15024.3935546875,15210.2998046875,15354.0263671875,24.6694793701171,62.3716468811035,97.4167793273925,92.5983680725097
5,371350107041,15000US371350107041,Block Group 1,"Block Group 1, Census Tract 107.04, Orange County, North Carolina",nc,1845,1845,4145.804,0.445028317,1845,124,44,113,14,250,526,337,191,124,122,0,0,6.72,2.38,6.12,0.76,13.55,28.51,18.27,10.35,6.72,6.61,0.0,0.0,1845,1777,1289,13,0,317,0,0,158,68,35,0,0,0,0,33,0,96.31,69.86,0.7,0.0,17.18,0.0,0.0,8.56,3.69,1.9,0.0,0,0.0,0,1.79,0.0,1845,,,,,1300,15,151,153,417,295,200,69,1.15,11.62,11.77,32.08,22.69,15.38,5.31,51,0,51,0.0,100.0,1564,1304,0,1304,1287,17,260,83.38,0.0,83.38,82.29,1.09,16.62,1304,1287,17,98.7,1.3,961,94,0,37,46,0,109,38,18,65,187,96,175,26,47,23,0,9.78,0.0,3.85,4.79,0.0,11.34,3.95,1.87,6.76,19.46,9.99,18.21,2.71,4.89,2.39,0.0,55429.0,31445,,1011,1011,961,50,95.05,4.95,585,0,22,13,118,290,142,0,0,0,0,0.0,3.76,2.22,20.17,49.57,24.27,0.0,0.0,0.0,0.0,376,0,0,12,200,97,67,0,0,0,0.0,0.0,3.19,53.19,25.8,17.82,0.0,0.0,0.0,564,0,0,18,216,209,111,10,0,0.0,0.0,3.19,38.3,37.06,19.68,1.77,0.0,1845,134,,,189,105,1369,7.26,,,10.24,5.69,74.2,1281,941,789,152,284,0,0,11,0,45,73.46,61.59,11.87,22.17,0.0,0.0,0.86,0.0,3.51,1281,1236,185,618,166,131,59,77,0,45,96.49,14.44,48.24,12.96,10.23,4.61,6.01,0.0,3.51,371350107041.0,111.037055969238,127.765708923339,106.468879699707,161.29931640625,0.540295243263244,-0.211768433451652,308.057403564453,10.0,47888.30859375,45842.1015625,15211.490234375,15208.5068359375,15045.6748046875,15139.7861328125,15252.8447265625,23.4657859802246,88.2974090576171,96.9360519409179,91.9115440368652
6,371350107051,15000US371350107051,Block Group 1,"Block Group 1, Census Tract 107.05, Orange County, North Carolina",nc,2270,2270,2879.296,0.78838705,2270,70,271,97,49,54,427,360,324,209,213,55,141,3.08,11.94,4.27,2.16,2.38,18.81,15.86,14.27,9.21,9.38,2.42,6.21,2270,1981,1576,158,53,111,0,26,57,289,245,0,0,0,0,44,0,87.27,69.43,6.96,2.33,4.89,0.0,1.15,2.51,12.73,10.79,0.0,0,0.0,0,1.94,0.0,2270,,,,,1729,56,56,193,666,317,239,202,3.24,3.24,11.16,38.52,18.33,13.82,11.68,18,0,18,0.0,100.0,1801,1401,0,1401,1320,81,400,77.79,0.0,77.79,73.29,4.5,22.21,1401,1320,81,94.22,5.78,998,85,53,29,0,36,51,0,17,33,68,87,183,47,64,142,103,8.52,5.31,2.91,0.0,3.61,5.11,0.0,1.7,3.31,6.81,8.72,18.34,4.71,6.41,14.23,10.32,84630.0,42612,,998,998,998,0,100.0,0.0,450,17,0,13,47,14,55,145,95,64,0,3.78,0.0,2.89,10.44,3.11,12.22,32.22,21.11,14.22,0.0,548,0,0,0,14,181,310,29,0,14,0.0,0.0,0.0,2.55,33.03,56.57,5.29,0.0,2.55,317,0,0,53,44,87,15,101,17,0.0,0.0,16.72,13.88,27.44,4.73,31.86,5.36,2270,279,,,39,69,1791,12.29,,,1.72,3.04,78.9,1295,626,580,46,278,0,139,78,0,174,48.34,44.79,3.55,21.47,0.0,10.73,6.02,0.0,13.44,1295,1121,81,298,365,216,145,16,0,174,86.56,6.25,23.01,28.19,16.68,11.2,1.24,0.0,13.44,371350107051.0,107.602912902832,124.295265197753,100.290885925292,177.723724365234,0.584484577178955,-0.221781507134437,306.125030517578,10.0,47339.1953125,45290.25,15148.8671875,15212.84765625,14930.0849609375,15118.6005859375,15255.1552734375,17.8358116149902,69.4469680786132,96.1558166503906,90.4007797241211
7,371350107052,15000US371350107052,Block Group 2,"Block Group 2, Census Tract 107.05, Orange County, North Carolina",nc,1558,1558,5052.401,0.308368224,1558,31,85,128,54,400,367,119,103,132,108,15,16,1.99,5.46,8.22,3.47,25.67,23.56,7.64,6.61,8.47,6.93,0.96,1.03,1558,1335,973,340,0,0,0,0,22,223,223,0,0,0,0,0,0,85.69,62.45,21.82,0.0,0.0,0.0,0.0,1.41,14.31,14.31,0.0,0,0.0,0,0.0,0.0,1558,,,,,860,145,57,191,259,163,30,15,16.86,6.63,22.21,30.12,18.95,3.49,1.74,54,0,54,0.0,100.0,1314,994,0,994,950,44,320,75.65,0.0,75.65,72.3,3.35,24.35,994,950,44,95.57,4.43,594,53,0,94,15,44,43,36,0,44,50,65,65,8,15,19,43,8.92,0.0,15.82,2.53,7.41,7.24,6.06,0.0,7.41,8.42,10.94,10.94,1.35,2.53,3.2,7.24,48182.0,25778,,700,700,594,106,84.86,15.14,436,0,0,0,141,180,79,36,0,0,0,0.0,0.0,0.0,32.34,41.28,18.12,8.26,0.0,0.0,0.0,158,0,0,0,0,53,82,23,0,0,0.0,0.0,0.0,0.0,33.54,51.9,14.56,0.0,0.0,409,0,0,59,187,110,0,31,22,0.0,0.0,14.43,45.72,26.89,0.0,7.58,5.38,1558,87,,,260,36,785,5.58,,,16.69,2.31,50.39,950,570,570,0,115,0,77,67,0,121,60.0,60.0,0.0,12.11,0.0,8.11,7.05,0.0,12.74,950,829,20,439,240,33,97,0,0,121,87.26,2.11,46.21,25.26,3.47,10.21,0.0,0.0,12.74,371350107052.0,106.775016784667,123.682998657226,99.237548828125,169.876098632812,0.56311285495758,-0.217372521758079,305.370727539062,10.0,47582.46484375,45591.4609375,15275.19140625,15245.64453125,14962.93359375,15186.0791015625,15292.4384765625,23.5579223632812,54.9264602661132,96.5665954589843,90.8797836303711
8,371350107053,15000US371350107053,Block Group 3,"Block Group 3, Census Tract 107.05, Orange County, North Carolina",nc,1107,1107,3186.376,0.347416668,1107,0,31,13,14,364,301,133,73,50,103,0,25,0.0,2.8,1.17,1.26,32.88,27.19,12.01,6.59,4.52,9.3,0.0,2.26,1107,1107,892,111,0,47,0,0,57,0,0,0,0,0,0,0,0,100.0,80.58,10.03,0.0,4.25,0.0,0.0,5.15,0.0,0.0,0.0,0,0.0,0,0.0,0.0,1107,,,,,685,25,81,54,192,222,82,29,3.65,11.82,7.88,28.03,32.41,11.97,4.23,14,0,14,0.0,100.0,1063,849,0,849,794,55,214,79.87,0.0,79.87,74.69,5.17,20.13,849,794,55,93.52,6.48,520,91,26,25,32,0,13,15,41,13,17,0,159,14,28,15,31,17.5,5.0,4.81,6.15,0.0,2.5,2.88,7.88,2.5,3.27,0.0,30.58,2.69,5.38,2.88,5.96,,32947,,520,520,520,0,100.0,0.0,276,0,14,13,15,8,81,27,74,30,14,0.0,5.07,4.71,5.43,2.9,29.35,9.78,26.81,10.87,5.07,244,0,0,0,80,34,113,17,0,0,0.0,0.0,0.0,32.79,13.93,46.31,6.97,0.0,0.0,276,0,0,68,0,32,86,63,27,0.0,0.0,24.64,0.0,11.59,31.16,22.83,9.78,1107,234,,,127,128,543,21.14,,,11.47,11.56,49.05,773,454,454,0,61,0,48,196,0,14,58.73,58.73,0.0,7.89,0.0,6.21,25.36,0.0,1.81,773,759,47,271,211,203,13,14,0,14,98.19,6.08,35.06,27.3,26.26,1.68,1.81,0.0,1.81,371350107053.0,123.478118896484,140.833099365234,118.851890563964,163.127502441406,0.461672127246856,-0.151441797614097,309.30776977539,10.0,48694.4375,46678.48828125,15341.8173828125,15316.5419921875,15104.328125,15237.4169921875,15394.9296875,37.5226707458496,59.0594482421875,97.8927551269531,93.5203201293945
9,371350107054,15000US371350107054,Block Group 4,"Block Group 4, Census Tract 107.05, Orange County, North Carolina",nc,155,155,1948.872,0.079533187,155,0,0,0,0,33,0,92,0,30,0,0,0,0.0,0.0,0.0,0.0,21.29,0.0,59.35,0.0,19.35,0.0,0.0,0.0,155,155,129,0,0,0,0,0,26,0,0,0,0,0,0,0,0,100.0,83.23,0.0,0.0,0.0,0.0,0.0,16.77,0.0,0.0,0.0,0,0.0,0,0.0,0.0,155,,,,,122,0,0,50,15,41,0,16,0.0,0.0,40.98,12.3,33.61,0.0,13.11,0,0,0,,,155,155,0,155,155,0,0,100.0,0.0,100.0,100.0,0.0,0.0,155,155,0,100.0,0.0,120,0,0,50,0,0,0,0,0,0,0,13,0,26,16,0,15,0.0,0.0,41.67,0.0,0.0,0.0,0.0,0.0,0.0,0.0,10.83,0.0,21.67,13.33,0.0,12.5,,86719,,120,120,120,0,100.0,0.0,63,13,0,0,0,0,0,0,0,50,0,20.63,0.0,0.0,0.0,0.0,0.0,0.0,0.0,79.37,0.0,57,0,0,0,0,26,31,0,0,0,0.0,0.0,0.0,0.0,45.61,54.39,0.0,0.0,0.0,63,0,0,50,0,0,13,0,0,0.0,0.0,79.37,0.0,0.0,20.63,0.0,0.0,155,0,,,50,0,105,0.0,,,32.26,0.0,67.74,155,99,83,16,0,0,26,30,0,0,63.87,53.55,10.32,0.0,0.0,16.77,19.35,0.0,0.0,155,155,0,61,0,81,13,0,0,0,100.0,0.0,39.35,0.0,52.26,8.39,0.0,0.0,0.0,371350107054.0,121.862022399902,139.768325805664,117.348075866699,163.08056640625,0.431087136268615,-0.103862710297107,305.391510009765,10.0,48855.9765625,46608.95703125,15340.3583984375,15261.55859375,14945.4765625,15207.080078125,15347.0546875,39.2790260314941,48.4295272827148,98.1998641967773,94.0594604492187
10,371350107061,15000US371350107061,Block Group 1,"Block Group 1, Census Tract 107.06, Orange County, North Carolina",nc,1456,1456,1724.561,0.844272638,1456,68,130,121,121,89,98,167,234,323,78,20,7,4.67,8.93,8.31,8.31,6.11,6.73,11.47,16.07,22.18,5.36,1.37,0.48,1456,1365,1213,0,0,118,0,0,34,91,71,0,0,0,0,20,0,93.75,83.31,0.0,0.0,8.1,0.0,0.0,2.34,6.25,4.88,0.0,0,0.0,0,1.37,0.0,1456,,,,,927,0,44,97,220,315,53,198,0.0,4.75,10.46,23.73,33.98,5.72,21.36,131,11,120,8.4,91.6,1089,714,0,714,694,20,375,65.56,0.0,65.56,63.73,1.84,34.44,714,694,20,97.2,2.8,523,36,0,11,10,11,8,0,0,7,0,10,61,74,57,62,176,6.88,0.0,2.1,1.91,2.1,1.53,0.0,0.0,1.34,0.0,1.91,11.66,14.15,10.9,11.85,33.65,133594.0,55486,,548,548,523,25,95.44,4.56,78,10,0,9,47,12,0,0,0,0,0,12.82,0.0,11.54,60.26,15.38,0.0,0.0,0.0,0.0,0.0,445,0,0,0,0,38,194,207,6,0,0.0,0.0,0.0,0.0,8.54,43.6,46.52,1.35,0.0,53,0,0,0,0,9,15,12,17,0.0,0.0,0.0,0.0,16.98,28.3,22.64,32.08,1456,44,,,11,23,1378,3.02,,,0.76,1.58,94.64,683,449,430,19,51,9,28,0,0,146,65.74,62.96,2.78,7.47,1.32,4.1,0.0,0.0,21.38,683,537,8,139,152,127,111,0,0,146,78.62,1.17,20.35,22.25,18.59,16.25,0.0,0.0,21.38,371350107061.0,101.396133422851,117.397499084472,92.4101867675781,178.302017211914,0.620561838150024,-0.270293653011322,305.194244384765,10.0,46838.63671875,45041.71875,15215.5439453125,15224.2236328125,15049.9384765625,15120.8974609375,15229.724609375,18.3775844573974,74.4029083251953,96.1428665161132,89.0489051818847
11,371350107062,15000US371350107062,Block Group 2,"Block Group 2, Census Tract 107.06, Orange County, North Carolina",nc,2047,2047,1502.794,1.362129863,2047,90,119,260,121,68,82,322,345,371,169,78,22,4.4,5.81,12.7,5.91,3.32,4.01,15.73,16.85,18.12,8.26,3.81,1.07,2047,1943,1665,88,0,171,0,0,19,104,93,0,0,0,0,0,11,94.92,81.34,4.3,0.0,8.35,0.0,0.0,0.93,5.08,4.54,0.0,0,0.0,0,0.0,0.54,2047,,,,,1389,10,96,118,472,394,77,222,0.72,6.91,8.5,33.98,28.37,5.54,15.98,118,0,118,0.0,100.0,1541,1134,0,1134,1099,35,407,73.59,0.0,73.59,71.32,2.27,26.41,1134,1099,35,96.91,3.09,763,16,16,9,0,20,0,17,8,16,85,25,85,98,122,152,94,2.1,2.1,1.18,0.0,2.62,0.0,2.23,1.05,2.1,11.14,3.28,11.14,12.84,15.99,19.92,12.32,123313.0,53634,,822,822,763,59,92.82,7.18,93,21,0,7,36,19,0,0,10,0,0,22.58,0.0,7.53,38.71,20.43,0.0,0.0,10.75,0.0,0.0,670,0,0,0,0,138,504,19,0,9,0.0,0.0,0.0,0.0,20.6,75.22,2.84,0.0,1.34,77,0,10,0,7,0,7,12,41,0.0,12.99,0.0,9.09,0.0,9.09,15.58,53.25,2044,58,,,26,160,1798,2.84,,,1.27,7.83,87.96,1083,873,810,63,23,0,60,11,0,116,80.61,74.79,5.82,2.12,0.0,5.54,1.02,0.0,10.71,1083,967,88,216,229,196,185,53,0,116,89.29,8.13,19.94,21.14,18.1,17.08,4.89,0.0,10.71,371350107062.0,99.401611328125,115.458091735839,88.9977951049804,180.41455078125,0.636492848396301,-0.294586926698684,305.116638183593,10.0,46661.8203125,44799.92578125,15248.9609375,15245.8388671875,15066.1357421875,15135.193359375,15243.5087890625,19.1329975128173,75.1595764160156,96.2902755737304,88.3279788970947
12,371350112021,15000US371350112021,Block Group 1,"Block Group 1, Census Tract 112.02, Orange County, North Carolina",nc,4112,4112,1273.973,3.227699124,4112,154,340,657,176,155,132,763,882,476,267,110,0,3.75,8.27,15.98,4.28,3.77,3.21,18.56,21.45,11.58,6.49,2.68,0.0,4112,3888,2648,316,0,703,0,11,210,224,190,34,0,0,0,0,0,94.55,64.4,7.68,0.0,17.1,0.0,0.27,5.11,5.45,4.62,0.83,0,0.0,0,0.0,0.0,4112,,,,,2630,25,319,338,511,721,203,513,0.95,12.13,12.85,19.43,27.41,7.72,19.51,148,0,148,0.0,100.0,2895,2159,0,2159,2061,98,736,74.58,0.0,74.58,71.19,3.39,25.42,2159,2061,98,95.46,4.54,1449,38,43,0,0,22,33,0,44,0,46,72,218,180,106,187,460,2.62,2.97,0.0,0.0,1.52,2.28,0.0,3.04,0.0,3.17,4.97,15.04,12.42,7.32,12.91,31.75,129917.0,57783,,1520,1520,1449,71,95.33,4.67,123,0,55,35,33,0,0,0,0,0,0,0.0,44.72,28.46,26.83,0.0,0.0,0.0,0.0,0.0,0.0,1326,20,0,0,0,245,572,306,167,16,1.51,0.0,0.0,0.0,18.48,43.14,23.08,12.59,1.21,123,0,0,0,0,43,0,41,39,0.0,0.0,0.0,0.0,34.96,0.0,33.33,31.71,4112,24,,,0,39,3987,0.58,,,0.0,0.95,96.96,2009,1668,1505,163,56,0,13,42,0,230,83.03,74.91,8.11,2.79,0.0,0.65,2.09,0.0,11.45,2009,1779,127,432,492,514,206,0,8,230,88.55,6.32,21.5,24.49,25.58,10.25,0.0,0.4,11.45,371350112021.0,101.102394104003,117.901908874511,91.1012268066406,176.938293457031,0.62427669763565,-0.283790469169616,305.466583251953,10.0,46561.6875,45009.56640625,15227.064453125,15217.9345703125,15089.7958984375,15133.4501953125,15213.94140625,18.761489868164,75.8481292724609,96.2343826293945,88.306651687622
13,371350112051,15000US371350112051,Block Group 1,"Block Group 1, Census Tract 112.05, Orange County, North Carolina",nc,3248,3248,2511.429,1.293287459,3248,85,280,238,307,245,300,501,730,319,167,76,0,2.62,8.62,7.33,9.45,7.54,9.24,15.42,22.48,9.82,5.14,2.34,0.0,3248,3125,1307,350,0,1238,0,0,230,123,58,0,0,0,0,65,0,96.21,40.24,10.78,0.0,38.12,0.0,0.0,7.08,3.79,1.79,0.0,0,0.0,0,2.0,0.0,3248,,,,,2093,137,176,269,521,356,142,492,6.55,8.41,12.85,24.89,17.01,6.78,23.51,369,18,351,4.88,95.12,2596,1892,0,1892,1750,142,704,72.88,0.0,72.88,67.41,5.47,27.12,1892,1750,142,92.49,7.51,1026,21,0,19,0,55,10,6,56,25,61,29,128,83,70,184,279,2.05,0.0,1.85,0.0,5.36,0.97,0.58,5.46,2.44,5.95,2.83,12.48,8.09,6.82,17.93,27.19,133804.0,47170,,1041,1041,1026,15,98.56,1.44,167,17,91,45,0,0,14,0,0,0,0,10.18,54.49,26.95,0.0,0.0,8.38,0.0,0.0,0.0,0.0,859,21,0,0,15,265,384,143,31,0,2.44,0.0,0.0,1.75,30.85,44.7,16.65,3.61,0.0,167,0,0,14,0,0,0,72,81,0.0,0.0,8.38,0.0,0.0,0.0,43.11,48.5,3248,67,,,330,37,2811,2.06,,,10.16,1.14,86.55,1749,1478,1225,253,52,0,0,0,0,219,84.51,70.04,14.47,2.97,0.0,0.0,0.0,0.0,12.52,1749,1530,118,442,381,448,117,22,2,219,87.48,6.75,25.27,21.78,25.61,6.69,1.26,0.11,12.52,371350112051.0,107.833862304687,129.346588134765,106.972351074218,169.127227783203,0.543651103973388,-0.211660295724868,307.8828125,10.0,47526.0390625,45725.9453125,15207.0625,15253.5126953125,15111.0869140625,15135.7470703125,15247.8466796875,27.3469734191894,77.2804489135742,96.7575790405273,90.4491813659668
14,371350112052,15000US371350112052,Block Group 2,"Block Group 2, Census Tract 112.05, Orange County, North Carolina",nc,2782,2782,2150.11,1.293887462,2782,101,36,270,289,157,231,322,230,243,317,327,259,3.63,1.29,9.71,10.39,5.64,8.3,11.57,8.27,8.73,11.39,11.75,9.31,2782,2651,2068,131,10,403,8,0,31,131,117,0,0,0,0,14,0,95.29,74.34,4.71,0.36,14.49,0.29,0.0,1.11,4.71,4.21,0.0,0,0.0,0,0.5,0.0,2782,,,,,1929,13,71,251,550,482,365,197,0.67,3.68,13.01,28.51,24.99,18.92,10.21,326,72,254,22.09,77.91,2332,1211,0,1211,1193,18,1121,51.93,0.0,51.93,51.16,0.77,48.07,1211,1193,18,98.51,1.49,1161,13,0,0,0,23,0,0,42,65,113,156,137,77,122,191,222,1.12,0.0,0.0,0.0,1.98,0.0,0.0,3.62,5.6,9.73,13.44,11.8,6.63,10.51,16.45,19.12,106563.0,66752,,1282,1282,1161,121,90.56,9.44,551,26,121,51,27,101,171,38,0,0,16,4.72,21.96,9.26,4.9,18.33,31.03,6.9,0.0,0.0,2.9,610,0,0,35,104,56,247,54,88,26,0.0,0.0,5.74,17.05,9.18,40.49,8.85,14.43,4.26,498,0,0,33,16,117,144,105,83,0.0,0.0,6.63,3.21,23.49,28.92,21.08,16.67,2728,20,,,0,35,2673,0.73,,,0.0,1.28,97.98,1193,1024,985,39,61,0,0,0,0,108,85.83,82.56,3.27,5.11,0.0,0.0,0.0,0.0,9.05,1193,1085,104,414,366,143,32,26,0,108,90.95,8.72,34.7,30.68,11.99,2.68,2.18,0.0,9.05,371350112052.0,106.385948181152,125.889930725097,104.063415527343,174.267684936523,0.557310163974762,-0.226465046405792,306.681640625,10.0,47625.984375,45503.6328125,8308.7333984375,15302.6943359375,15093.546875,15153.8759765625,15301.1376953125,26.2456855773925,69.8599777221679,96.8297592163086,91.0296783447265
15,371350112053,15000US371350112053,Block Group 3,"Block Group 3, Census Tract 112.05, Orange County, North Carolina",nc,2453,2453,3510.679,0.698725245,2453,165,309,139,92,188,557,367,297,146,163,16,14,6.73,12.6,5.67,3.75,7.66,22.71,14.96,12.11,5.95,6.64,0.65,0.57,2453,2353,855,647,86,587,0,0,178,100,67,11,0,0,0,22,0,95.92,34.86,26.38,3.51,23.93,0.0,0.0,7.26,4.08,2.73,0.45,0,0.0,0,0.9,0.0,2453,,,,,1560,91,180,183,385,327,212,182,5.83,11.54,11.73,24.68,20.96,13.59,11.67,135,0,135,0.0,100.0,1821,1231,0,1231,1209,22,590,67.6,0.0,67.6,66.39,1.21,32.4,1231,1209,22,98.21,1.79,1056,19,17,29,69,34,38,74,116,13,58,121,139,80,106,87,56,1.8,1.61,2.75,6.53,3.22,3.6,7.01,10.98,1.23,5.49,11.46,13.16,7.58,10.04,8.24,5.3,68462.0,39664,,1150,1150,1056,94,91.83,8.17,800,0,42,216,370,82,55,35,0,0,0,0.0,5.25,27.0,46.25,10.25,6.88,4.38,0.0,0.0,0.0,256,0,0,0,31,96,107,22,0,0,0.0,0.0,0.0,12.11,37.5,41.8,8.59,0.0,0.0,791,0,0,80,139,196,137,153,86,0.0,0.0,10.11,17.57,24.78,17.32,19.34,10.87,2453,50,,,751,176,1440,2.04,,,30.62,7.17,58.7,1162,918,798,120,149,11,0,18,0,66,79.0,68.67,10.33,12.82,0.95,0.0,1.55,0.0,5.68,1162,1096,81,471,372,40,27,63,42,66,94.32,6.97,40.53,32.01,3.44,2.32,5.42,3.61,5.68,371350112053.0,116.50365447998,133.274551391601,114.81379699707,172.546844482421,0.479191899299621,-0.174048423767089,308.782775878906,10.0,48515.55859375,46392.73046875,15335.279296875,15356.169921875,11229.50390625,15208.001953125,15394.8671875,36.4442443847656,49.8417854309082,97.6970748901367,92.8254760742187
16,371350113001,15000US371350113001,Block Group 1,"Block Group 1, Census Tract 113, Orange County, North Carolina",nc,3146,3146,7476.942,0.420760251,3146,76,80,24,11,1942,366,163,184,173,60,44,23,2.42,2.54,0.76,0.35,61.73,11.63,5.18,5.85,5.5,1.91,1.4,0.73,3146,3038,2094,624,0,249,0,0,71,108,8,60,0,0,0,31,9,96.57,66.56,19.83,0.0,7.91,0.0,0.0,2.26,3.43,0.25,1.91,0,0.0,0,0.99,0.29,3146,,,,,1013,100,287,238,230,105,16,37,9.87,28.33,23.49,22.7,10.37,1.58,3.65,260,12,248,4.62,95.38,2966,1856,0,1856,1797,59,1110,62.58,0.0,62.58,60.59,1.99,37.42,1856,1797,59,96.82,3.18,1112,210,212,129,60,24,37,61,55,98,57,56,61,11,41,0,0,18.88,19.06,11.6,5.4,2.16,3.33,5.49,4.95,8.81,5.13,5.04,5.49,0.99,3.69,0.0,0.0,20278.0,13979,,1210,1210,1112,98,91.9,8.1,958,0,33,17,180,80,79,294,143,55,77,0.0,3.44,1.77,18.79,8.35,8.25,30.69,14.93,5.74,8.04,154,0,0,0,28,78,48,0,0,0,0.0,0.0,0.0,18.18,50.65,31.17,0.0,0.0,0.0,949,55,104,62,214,112,93,163,146,5.8,10.96,6.53,22.55,11.8,9.8,17.18,15.38,3146,1350,,,402,115,752,42.91,,,12.78,3.66,23.9,1764,1077,977,100,158,56,18,330,57,68,61.05,55.39,5.67,8.96,3.17,1.02,18.71,3.23,3.85,1764,1696,292,766,330,163,117,28,0,68,96.15,16.55,43.42,18.71,9.24,6.63,1.59,0.0,3.85,371350113001.0,112.400268554687,129.932144165039,105.390083312988,163.09651184082,0.54217529296875,-0.197747960686683,308.172149658203,10.0,48186.73046875,46237.1953125,15307.4619140625,15298.564453125,15119.4384765625,15233.947265625,15355.03515625,25.5143947601318,52.4599952697753,97.3772216796875,92.0511047363281
17,371350114001,15000US371350114001,Block Group 1,"Block Group 1, Census Tract 114, Orange County, North Carolina",nc,1722,1722,1629.051,1.057057407,1722,93,71,87,30,438,182,152,201,172,176,96,24,5.4,4.12,5.05,1.74,25.44,10.57,8.83,11.67,9.99,10.22,5.57,1.39,1722,1614,1218,77,0,225,0,73,21,108,78,0,0,0,0,30,0,93.73,70.73,4.47,0.0,13.07,0.0,4.24,1.22,6.27,4.53,0.0,0,0.0,0,1.74,0.0,1722,,,,,1003,4,48,109,253,311,128,150,0.4,4.79,10.87,25.22,31.01,12.76,14.96,44,0,44,0.0,100.0,1449,1044,0,1044,1024,20,405,72.05,0.0,72.05,70.67,1.38,27.95,1044,1024,20,98.08,1.92,727,36,33,9,52,41,33,32,11,17,31,39,15,41,71,88,178,4.95,4.54,1.24,7.15,5.64,4.54,4.4,1.51,2.34,4.26,5.36,2.06,5.64,9.77,12.1,24.48,102266.0,66687,,773,773,727,46,94.05,5.95,274,0,0,0,30,42,144,37,21,0,0,0.0,0.0,0.0,10.95,15.33,52.55,13.5,7.66,0.0,0.0,453,0,0,0,38,6,190,119,61,39,0.0,0.0,0.0,8.39,1.32,41.94,26.27,13.47,8.61,274,0,0,48,26,150,11,16,23,0.0,0.0,17.52,9.49,54.74,4.01,5.84,8.39,1652,128,,,66,77,1290,7.75,,,4.0,4.66,78.09,1001,543,515,28,196,0,45,42,0,175,54.25,51.45,2.8,19.58,0.0,4.5,4.2,0.0,17.48,1001,826,183,320,174,72,48,29,0,175,82.52,18.28,31.97,17.38,7.19,4.8,2.9,0.0,17.48,371350114001.0,98.312141418457,116.245582580566,90.2070770263671,174.304580688476,0.646190047264099,-0.291545361280441,305.356964111328,10.0,47010.3828125,45107.4296875,15309.3896484375,15257.24609375,15140.400390625,15186.6572265625,15298.2216796875,12.0984134674072,67.5631027221679,96.1434982299804,88.7457065582275
18,371350114002,15000US371350114002,Block Group 2,"Block Group 2, Census Tract 114, Orange County, North Carolina",nc,2096,2096,10218.34,0.205121414,2096,0,0,8,17,1559,204,71,116,79,20,22,0,0.0,0.0,0.38,0.81,74.38,9.73,3.39,5.53,3.77,0.95,1.05,0.0,2096,2001,1711,107,0,161,0,0,22,95,29,37,0,0,0,17,12,95.47,81.63,5.1,0.0,7.68,0.0,0.0,1.05,4.53,1.38,1.77,0,0.0,0,0.81,0.57,2096,,,,,512,0,46,9,180,183,9,85,0.0,8.98,1.76,35.16,35.74,1.76,16.6,410,0,410,0.0,100.0,2088,1101,0,1101,1086,15,987,52.73,0.0,52.73,52.01,0.72,47.27,1101,1086,15,98.64,1.36,640,215,18,48,43,11,63,35,40,43,20,16,26,0,14,23,25,33.59,2.81,7.5,6.72,1.72,9.84,5.47,6.25,6.72,3.12,2.5,4.06,0.0,2.19,3.59,3.91,24706.0,15726,,762,762,640,122,83.99,16.01,585,67,0,77,50,93,103,97,39,10,49,11.45,0.0,13.16,8.55,15.9,17.61,16.58,6.67,1.71,8.38,55,0,0,0,10,17,28,0,0,0,0.0,0.0,0.0,18.18,30.91,50.91,0.0,0.0,0.0,585,0,15,29,101,198,123,33,86,0.0,2.56,4.96,17.26,33.85,21.03,5.64,14.7,1644,633,,,131,75,479,38.5,,,7.97,4.56,29.14,1037,377,377,0,281,0,12,333,10,24,36.35,36.35,0.0,27.1,0.0,1.16,32.11,0.96,2.31,1037,1013,84,398,372,102,42,15,0,24,97.69,8.1,38.38,35.87,9.84,4.05,1.45,0.0,2.31,371350114002.0,121.36180114746,139.036544799804,118.511734008789,158.044540405273,0.433252692222595,-0.151193976402282,309.868072509765,10.0,48699.95703125,46621.875,15322.0234375,15311.30078125,15122.7392578125,15243.240234375,15357.2001953125,34.9695320129394,42.8453292846679,98.0334762573242,93.4051628112793
19,371350115001,15000US371350115001,Block Group 1,"Block Group 1, Census Tract 115, Orange County, North Carolina",nc,1957,1957,1352.192,1.447279679,1957,69,106,121,10,352,212,161,322,296,207,76,25,3.53,5.42,6.18,0.51,17.99,10.83,8.23,16.45,15.13,10.58,3.88,1.28,1957,1804,1493,111,6,134,0,10,50,153,126,5,0,0,0,22,0,92.18,76.29,5.67,0.31,6.85,0.0,0.51,2.55,7.82,6.44,0.26,0,0.0,0,1.12,0.0,1957,,,,,1299,50,70,180,338,272,186,203,3.85,5.39,13.86,26.02,20.94,14.32,15.63,13,0,13,0.0,100.0,1651,1230,0,1230,1182,48,421,74.5,0.0,74.5,71.59,2.91,25.5,1230,1182,48,96.1,3.9,780,83,19,14,11,20,13,18,11,11,17,59,59,54,40,99,252,10.64,2.44,1.79,1.41,2.56,1.67,2.31,1.41,1.41,2.18,7.56,7.56,6.92,5.13,12.69,32.31,125208.0,70245,,919,919,780,139,84.87,15.13,284,0,5,5,4,28,48,95,25,55,19,0.0,1.76,1.76,1.41,9.86,16.9,33.45,8.8,19.37,6.69,496,6,0,23,32,5,141,125,112,52,1.21,0.0,4.64,6.45,1.01,28.43,25.2,22.58,10.48,266,22,12,35,35,52,41,37,32,8.27,4.51,13.16,13.16,19.55,15.41,13.91,12.03,1944,198,,,45,82,1487,10.19,,,2.31,4.22,76.49,1157,738,607,131,113,11,30,102,12,151,63.79,52.46,11.32,9.77,0.95,2.59,8.82,1.04,13.05,1157,1006,221,394,213,133,34,11,0,151,86.95,19.1,34.05,18.41,11.5,2.94,0.95,0.0,13.05,371350115001.0,105.892707824707,123.668434143066,98.9513397216796,185.124313354492,0.631275594234466,-0.26958292722702,305.800506591796,10.0,47449.421875,45434.5234375,15355.6044921875,15326.169921875,15092.32421875,15263.447265625,15358.7294921875,11.0548191070556,74.4501647949218,96.3203575134277,90.6321723937988
20,371350116011,15000US371350116011,Block Group 1,"Block Group 1, Census Tract 116.01, Orange County, North Carolina",nc,549,549,6103.926,0.089942116,549,0,0,0,0,549,0,0,0,0,0,0,0,0.0,0.0,0.0,0.0,100.0,0.0,0.0,0.0,0.0,0.0,0.0,0.0,549,491,399,30,0,47,0,0,15,58,51,3,0,0,0,4,0,89.44,72.68,5.46,0.0,8.56,0.0,0.0,2.73,10.56,9.29,0.55,0,0.0,0,0.73,0.0,549,,,,,0,0,0,0,0,0,0,0,,,,,,,,248,0,248,0.0,100.0,549,234,0,234,227,7,315,42.62,0.0,42.62,41.35,1.28,57.38,234,227,7,97.01,2.99,0,0,0,0,0,0,0,0,0,0,0,0,0,0,0,0,0,,,,,,,,,,,,,,,,,,3021,,0,0,0,0,,,0,0,0,0,0,0,0,0,0,0,0,,,,,,,,,,,0,0,0,0,0,0,0,0,0,0,,,,,,,,,,0,0,0,0,0,0,0,0,0,,,,,,,,,0,0,,,0,0,0,,,,,,,198,60,57,3,15,0,0,82,0,41,30.3,28.79,1.52,7.58,0.0,0.0,41.41,0.0,20.71,198,157,49,82,14,8,0,4,0,41,79.29,24.75,41.41,7.07,4.04,0.0,2.02,0.0,20.71,371350116011.0,125.328437805175,140.081130981445,120.768943786621,160.049972534179,0.449961155652999,-0.131732299923896,309.483581542968,10.0,49132.8984375,47029.25,15376.1171875,15386.2412109375,15175.716796875,15276.90625,15414.5439453125,31.307222366333,41.3687705993652,98.4289772033691,94.041820526123
21,371350116012,15000US371350116012,Block Group 2,"Block Group 2, Census Tract 116.01, Orange County, North Carolina",nc,1874,1874,11194.72,0.167400389,1874,0,14,0,5,1793,30,16,16,0,0,0,0,0.0,0.75,0.0,0.27,95.68,1.6,0.85,0.85,0.0,0.0,0.0,0.0,1874,1700,1310,159,10,160,0,0,61,174,136,5,0,0,0,19,14,90.72,69.9,8.48,0.53,8.54,0.0,0.0,3.26,9.28,7.26,0.27,0,0.0,0,1.01,0.75,1874,,,,,62,0,22,23,12,5,0,0,0.0,35.48,37.1,19.35,8.06,0.0,0.0,889,0,889,0.0,100.0,1860,806,0,806,771,35,1054,43.33,0.0,43.33,41.45,1.88,56.67,806,771,35,95.66,4.34,19,0,3,0,0,0,0,0,0,0,0,0,0,16,0,0,0,0.0,15.79,0.0,0.0,0.0,0.0,0.0,0.0,0.0,0.0,0.0,0.0,84.21,0.0,0.0,0.0,,3604,,19,19,19,0,100.0,0.0,3,0,0,0,3,0,0,0,0,0,0,0.0,0.0,0.0,100.0,0.0,0.0,0.0,0.0,0.0,0.0,16,0,0,0,16,0,0,0,0,0,0.0,0.0,0.0,100.0,0.0,0.0,0.0,0.0,0.0,3,3,0,0,0,0,0,0,0,100.0,0.0,0.0,0.0,0.0,0.0,0.0,0.0,52,0,,,0,0,46,0.0,,,0.0,0.0,88.46,665,198,157,41,0,0,10,280,5,172,29.77,23.61,6.17,0.0,0.0,1.5,42.11,0.75,25.86,665,493,162,243,34,16,35,3,0,172,74.14,24.36,36.54,5.11,2.41,5.26,0.45,0.0,25.86,371350116012.0,138.088500976562,151.648605346679,134.424835205078,154.432296752929,0.35021686553955,-0.0770507752895355,308.740539550781,50.0,49786.54296875,47644.703125,15403.673828125,15422.724609375,15226.2607421875,15291.6484375,15433.876953125,49.4636497497558,66.0835952758789,98.8475769042968,95.2512023925781
22,371350116021,15000US371350116021,Block Group 1,"Block Group 1, Census Tract 116.02, Orange County, North Carolina",nc,1617,1617,11038.45,0.146487937,1617,0,0,0,8,1584,25,0,0,0,0,0,0,0.0,0.0,0.0,0.49,97.96,1.55,0.0,0.0,0.0,0.0,0.0,0.0,1617,1478,1131,143,0,160,0,0,44,139,99,0,0,0,0,33,7,91.4,69.94,8.84,0.0,9.89,0.0,0.0,2.72,8.6,6.12,0.0,0,0.0,0,2.04,0.43,1617,,,,,25,0,0,15,10,0,0,0,0.0,0.0,60.0,40.0,0.0,0.0,0.0,1028,0,1028,0.0,100.0,1617,613,0,613,608,5,1004,37.91,0.0,37.91,37.6,0.31,62.09,613,608,5,99.18,0.82,0,0,0,0,0,0,0,0,0,0,0,0,0,0,0,0,0,,,,,,,,,,,,,,,,,,2529,,0,0,0,0,,,0,0,0,0,0,0,0,0,0,0,0,,,,,,,,,,,0,0,0,0,0,0,0,0,0,0,,,,,,,,,,0,0,0,0,0,0,0,0,0,,,,,,,,,0,0,,,0,0,0,,,,,,,546,102,83,19,36,0,0,315,23,70,18.68,15.2,3.48,6.59,0.0,0.0,57.69,4.21,12.82,546,476,173,227,61,5,10,0,0,70,87.18,31.68,41.58,11.17,0.92,1.83,0.0,0.0,12.82,371350116021.0,143.893264770507,160.024658203125,141.014251708984,171.535079956054,0.398370027542114,-0.108504332602024,308.858123779296,50.0,49534.44140625,47304.328125,15419.1826171875,15402.6650390625,15271.6240234375,15306.3857421875,15420.3447265625,42.7549285888671,54.8129348754882,98.1679420471191,94.4642654418945
23,371350116022,15000US371350116022,Block Group 2,"Block Group 2, Census Tract 116.02, Orange County, North Carolina",nc,1211,1211,5325.773,0.227384837,1211,0,0,0,4,1165,42,0,0,0,0,0,0,0.0,0.0,0.0,0.33,96.2,3.47,0.0,0.0,0.0,0.0,0.0,0.0,1211,1108,880,129,0,73,0,0,26,103,93,0,0,0,0,10,0,91.49,72.67,10.65,0.0,6.03,0.0,0.0,2.15,8.51,7.68,0.0,0,0.0,0,0.83,0.0,1211,,,,,42,0,0,19,23,0,0,0,0.0,0.0,45.24,54.76,0.0,0.0,0.0,648,0,648,0.0,100.0,1211,443,0,443,439,4,768,36.58,0.0,36.58,36.25,0.33,63.42,443,439,4,99.1,0.9,8,4,4,0,0,0,0,0,0,0,0,0,0,0,0,0,0,50.0,50.0,0.0,0.0,0.0,0.0,0.0,0.0,0.0,0.0,0.0,0.0,0.0,0.0,0.0,0.0,,3187,,61,61,8,53,13.11,86.89,8,0,0,0,0,0,4,0,0,0,4,0.0,0.0,0.0,0.0,0.0,50.0,0.0,0.0,0.0,50.0,0,0,0,0,0,0,0,0,0,0,,,,,,,,,,8,0,0,0,8,0,0,0,0,0.0,0.0,0.0,100.0,0.0,0.0,0.0,0.0,13,9,,,0,0,0,69.23,,,0.0,0.0,0.0,374,65,50,15,24,0,27,170,0,88,17.38,13.37,4.01,6.42,0.0,7.22,45.45,0.0,23.53,374,286,125,93,60,8,0,0,0,88,76.47,33.42,24.87,16.04,2.14,0.0,0.0,0.0,23.53,371350116022.0,150.160858154296,163.010665893554,146.755462646484,154.608795166015,0.262993037700653,-0.035438135266304,311.921936035156,50.0,49906.21484375,47640.01953125,15381.5224609375,15403.4013671875,15252.9052734375,15311.7216796875,15417.0537109375,60.823860168457,77.7696838378906,98.8536399841308,95.6606903076171
24,371350116023,15000US371350116023,Block Group 3,"Block Group 3, Census Tract 116.02, Orange County, North Carolina",nc,3894,3894,17169.67,0.226795259,3894,103,44,17,5,3051,474,168,19,13,0,0,0,2.65,1.13,0.44,0.13,78.35,12.17,4.31,0.49,0.33,0.0,0.0,0.0,3894,3548,2298,352,15,693,0,10,180,346,280,16,0,0,0,21,29,91.11,59.01,9.04,0.39,17.8,0.0,0.26,4.62,8.89,7.19,0.41,0,0.0,0,0.54,0.74,3894,,,,,674,10,31,51,306,191,32,53,1.48,4.6,7.57,45.4,28.34,4.75,7.86,1932,0,1932,0.0,100.0,3730,1628,0,1628,1588,40,2102,43.65,0.0,43.65,42.57,1.07,56.35,1628,1588,40,97.54,2.46,279,78,19,22,13,17,25,13,3,8,42,6,17,7,0,3,6,27.96,6.81,7.89,4.66,6.09,8.96,4.66,1.08,2.87,15.05,2.15,6.09,2.51,0.0,1.08,2.15,27083.0,5695,,394,394,279,115,70.81,29.19,269,0,22,143,53,33,15,3,0,0,0,0.0,8.18,53.16,19.7,12.27,5.58,1.12,0.0,0.0,0.0,10,6,0,0,0,0,0,0,0,4,60.0,0.0,0.0,0.0,0.0,0.0,0.0,0.0,40.0,264,0,10,18,17,212,7,0,0,0.0,3.79,6.82,6.44,80.3,2.65,0.0,0.0,688,194,,,36,148,245,28.2,,,5.23,21.51,35.61,1474,282,215,67,128,0,53,701,67,243,19.13,14.59,4.55,8.68,0.0,3.6,47.56,4.55,16.49,1474,1231,284,498,231,177,0,30,11,243,83.51,19.27,33.79,15.67,12.01,0.0,2.04,0.75,16.49,371350116023.0,136.277618408203,150.717147827148,130.902801513671,166.141815185546,0.445089966058731,-0.161571711301803,310.082061767578,10.0,49108.296875,46860.79296875,15370.2333984375,15364.1689453125,15266.146484375,15316.1240234375,15397.0068359375,38.33345413208,75.5922088623046,98.1063430786132,94.0375770568847
25,371350117001,15000US371350117001,Block Group 1,"Block Group 1, Census Tract 117, Orange County, North Carolina",nc,2852,2852,13461.3,0.211866619,2852,35,0,0,5,2108,339,70,96,89,51,48,11,1.23,0.0,0.0,0.18,73.91,11.89,2.45,3.37,3.12,1.79,1.68,0.39,2852,2764,2189,301,11,181,0,0,82,88,81,0,0,0,0,7,0,96.91,76.75,10.55,0.39,6.35,0.0,0.0,2.88,3.09,2.84,0.0,0,0.0,0,0.25,0.0,2852,,,,,704,4,41,37,384,141,29,68,0.57,5.82,5.26,54.55,20.03,4.12,9.66,719,0,719,0.0,100.0,2817,1603,0,1603,1577,26,1214,56.9,0.0,56.9,55.98,0.92,43.1,1603,1577,26,98.38,1.62,473,90,10,8,17,9,10,13,26,20,9,26,7,38,23,52,115,19.03,2.11,1.69,3.59,1.9,2.11,2.75,5.5,4.23,1.9,5.5,1.48,8.03,4.86,10.99,24.31,74583.0,43535,,578,578,473,105,81.83,18.17,263,10,81,32,24,4,36,0,10,0,66,3.8,30.8,12.17,9.13,1.52,13.69,0.0,3.8,0.0,25.1,210,0,0,10,17,16,88,53,7,19,0.0,0.0,4.76,8.1,7.62,41.9,25.24,3.33,9.05,263,0,0,0,30,0,35,108,90,0.0,0.0,0.0,11.41,0.0,13.31,41.06,34.22,1148,431,,,12,51,575,37.54,,,1.05,4.44,50.09,1539,495,440,55,21,0,35,484,19,485,32.16,28.59,3.57,1.36,0.0,2.27,31.45,1.23,31.51,1539,1054,456,291,108,134,59,6,0,485,68.49,29.63,18.91,7.02,8.71,3.83,0.39,0.0,31.51,371350117001.0,133.714797973632,147.071990966796,127.999351501464,150.757278442382,0.365858823060989,-0.102124698460102,311.74136352539,10.0,49221.6953125,47136.3203125,15351.8056640625,15395.4443359375,15163.2294921875,15272.8720703125,15434.8603515625,46.6861381530761,57.9105987548828,98.3911018371582,94.3536262512207
26,371350117002,15000US371350117002,Block Group 2,"Block Group 2, Census Tract 117, Orange County, North Carolina",nc,2485,2485,3341.462,0.743686457,2485,38,76,32,0,1304,528,146,78,152,68,48,15,1.53,3.06,1.29,0.0,52.47,21.25,5.88,3.14,6.12,2.74,1.93,0.6,2485,2284,1868,165,0,156,0,29,66,201,175,0,0,0,0,17,9,91.91,75.17,6.64,0.0,6.28,0.0,1.17,2.66,8.09,7.04,0.0,0,0.0,0,0.68,0.36,2485,,,,,1035,15,24,188,327,189,181,111,1.45,2.32,18.16,31.59,18.26,17.49,10.72,14,0,14,0.0,100.0,2339,1263,0,1263,1224,39,1076,54.0,0.0,54.0,52.33,1.67,46.0,1263,1224,39,96.91,3.09,788,122,31,36,39,59,21,33,72,14,54,35,57,44,0,58,113,15.48,3.93,4.57,4.95,7.49,2.66,4.19,9.14,1.78,6.85,4.44,7.23,5.58,0.0,7.36,14.34,43417.0,27973,,990,990,788,202,79.6,20.4,623,9,0,95,90,50,163,86,49,24,57,1.44,0.0,15.25,14.45,8.03,26.16,13.8,7.87,3.85,9.15,165,0,0,0,0,15,55,85,0,10,0.0,0.0,0.0,0.0,9.09,33.33,51.52,0.0,6.06,623,12,79,52,34,229,25,54,138,1.93,12.68,8.35,5.46,36.76,4.01,8.67,22.15,2485,985,,,81,150,990,39.64,,,3.26,6.04,39.84,1184,618,588,30,126,0,121,212,0,107,52.2,49.66,2.53,10.64,0.0,10.22,17.91,0.0,9.04,1184,1077,306,338,254,86,68,7,18,107,90.96,25.84,28.55,21.45,7.26,5.74,0.59,1.52,9.04,371350117002.0,114.371948242187,129.779907226562,106.01700592041,166.402069091796,0.590514421463012,-0.247853681445121,307.066711425781,10.0,47656.1328125,45673.91015625,15292.9765625,15364.521484375,15225.7060546875,15266.8115234375,15387.6201171875,18.7061443328857,66.4569396972656,96.4454231262207,91.4854187011718
27,371350118001,15000US371350118001,Block Group 1,"Block Group 1, Census Tract 118, Orange County, North Carolina",nc,1272,1272,970.2532,1.310997966,1272,0,70,52,0,628,136,84,159,80,39,8,16,0.0,5.5,4.09,0.0,49.37,10.69,6.6,12.5,6.29,3.07,0.63,1.26,1272,1197,807,287,0,88,0,0,15,75,54,0,0,0,0,21,0,94.1,63.44,22.56,0.0,6.92,0.0,0.0,1.18,5.9,4.25,0.0,0,0.0,0,1.65,0.0,1272,,,,,522,10,9,33,201,104,74,91,1.92,1.72,6.32,38.51,19.92,14.18,17.43,33,0,33,0.0,100.0,1150,843,0,843,796,47,307,73.3,0.0,73.3,69.22,4.09,26.7,843,796,47,94.42,5.58,508,94,17,10,62,100,0,16,14,13,3,36,10,8,14,0,111,18.5,3.35,1.97,12.2,19.69,0.0,3.15,2.76,2.56,0.59,7.09,1.97,1.57,2.76,0.0,21.85,28141.0,37336,,508,508,508,0,100.0,0.0,344,0,0,128,54,131,14,0,0,0,17,0.0,0.0,37.21,15.7,38.08,4.07,0.0,0.0,0.0,4.94,164,0,0,0,0,19,77,68,0,0,0.0,0.0,0.0,0.0,11.59,46.95,41.46,0.0,0.0,325,0,0,136,11,60,89,0,29,0.0,0.0,41.85,3.38,18.46,27.38,0.0,8.92,1272,440,,,29,152,485,34.59,,,2.28,11.95,38.13,775,576,566,10,110,0,0,35,0,54,74.32,73.03,1.29,14.19,0.0,0.0,4.52,0.0,6.97,775,721,72,230,280,79,42,18,0,54,93.03,9.29,29.68,36.13,10.19,5.42,2.32,0.0,6.97,371350118001.0,98.0191574096679,115.712509155273,89.6804656982421,172.722518920898,0.621892988681793,-0.292066901922225,305.328430175781,10.0,46868.50390625,44895.30078125,15267.5703125,15241.859375,15129.6259765625,15141.1455078125,15245.0390625,32.1434326171875,88.7152023315429,96.4865943908691,88.7290451049804
28,371350118002,15000US371350118002,Block Group 2,"Block Group 2, Census Tract 118, Orange County, North Carolina",nc,1897,1897,2619.282,0.724244282,1897,137,110,88,13,206,354,273,161,254,166,117,18,7.22,5.8,4.64,0.69,10.86,18.66,14.39,8.49,13.39,8.75,6.17,0.95,1897,1828,1530,94,0,187,0,0,17,69,69,0,0,0,0,0,0,96.36,80.65,4.96,0.0,9.86,0.0,0.0,0.9,3.64,3.64,0.0,0,0.0,0,0.0,0.0,1897,,,,,1343,42,56,107,491,375,46,226,3.13,4.17,7.97,36.56,27.92,3.43,16.83,13,0,13,0.0,100.0,1562,1092,10,1082,1075,7,470,69.91,0.64,69.27,68.82,0.45,30.09,1082,1075,7,99.35,0.65,788,114,0,19,30,10,28,23,0,75,37,76,41,70,61,101,103,14.47,0.0,2.41,3.81,1.27,3.55,2.92,0.0,9.52,4.7,9.64,5.2,8.88,7.74,12.82,13.07,71979.0,44120,,870,870,788,82,90.57,9.43,249,0,0,24,4,54,59,65,43,0,0,0.0,0.0,9.64,1.61,21.69,23.69,26.1,17.27,0.0,0.0,539,0,11,25,5,225,221,39,0,13,0.0,2.04,4.64,0.93,41.74,41.0,7.24,0.0,2.41,249,0,0,16,81,66,43,0,43,0.0,0.0,6.43,32.53,26.51,17.27,0.0,17.27,1897,239,,,90,95,1319,12.6,,,4.74,5.01,69.53,1066,705,596,109,183,0,14,36,14,114,66.14,55.91,10.23,17.17,0.0,1.31,3.38,1.31,10.69,1066,952,123,395,232,54,76,62,10,114,89.31,11.54,37.05,21.76,5.07,7.13,5.82,0.94,10.69,371350118002.0,101.238662719726,117.109321594238,90.3724060058593,167.477416992187,0.611219465732574,-0.26946347951889,305.26171875,10.0,47163.8046875,45243.875,15258.0029296875,15236.7666015625,15112.5771484375,15154.8623046875,15266.140625,16.7988529205322,69.426155090332,96.2051109313964,88.8231018066406
29,371350119011,15000US371350119011,Block Group 1,"Block Group 1, Census Tract 119.01, Orange County, North Carolina",nc,2609,2609,2181.402,1.196019827,2609,66,378,250,121,137,157,414,436,319,215,116,0,2.53,14.49,9.58,4.64,5.25,6.02,15.87,16.71,12.23,8.24,4.45,0.0,2609,2028,1268,78,0,628,0,0,54,581,568,0,0,0,0,13,0,77.73,48.6,2.99,0.0,24.07,0.0,0.0,2.07,22.27,21.77,0.0,0,0.0,0,0.5,0.0,2609,,,,,1657,165,82,232,332,433,194,219,9.96,4.95,14.0,20.04,26.13,11.71,13.22,83,20,63,24.1,75.9,1877,1394,0,1394,1351,43,483,74.27,0.0,74.27,71.98,2.29,25.73,1394,1351,43,96.92,3.08,948,48,0,0,71,41,39,17,58,0,39,99,155,67,92,63,159,5.06,0.0,0.0,7.49,4.32,4.11,1.79,6.12,0.0,4.11,10.44,16.35,7.07,9.7,6.65,16.77,87500.0,41698,,1049,1049,948,101,90.37,9.63,386,15,29,97,176,20,22,0,0,27,0,3.89,7.51,25.13,45.6,5.18,5.7,0.0,0.0,6.99,0.0,562,32,15,0,18,124,262,111,0,0,5.69,2.67,0.0,3.2,22.06,46.62,19.75,0.0,0.0,386,0,0,90,38,101,101,56,0,0.0,0.0,23.32,9.84,26.17,26.17,14.51,0.0,2609,51,,,326,75,2108,1.95,,,12.5,2.87,80.8,1312,1017,926,91,60,0,0,19,41,175,77.52,70.58,6.94,4.57,0.0,0.0,1.45,3.12,13.34,1312,1137,108,414,357,157,60,41,0,175,86.66,8.23,31.55,27.21,11.97,4.57,3.12,0.0,13.34,371350119011.0,97.3724365234375,115.539962768554,87.8533096313476,166.8994140625,0.620404720306396,-0.291459769010543,305.767425537109,10.0,47040.44921875,44993.36328125,12186.146484375,15307.3466796875,15138.3759765625,15148.40234375,15292.2255859375,16.813362121582,74.053970336914,96.4025215148925,88.5822746276855
30,371350119012,15000US371350119012,Block Group 2,"Block Group 2, Census Tract 119.01, Orange County, North Carolina",nc,1364,1364,2018.931,0.675605061,1364,34,15,54,25,61,231,72,119,557,179,17,0,2.49,1.1,3.96,1.83,4.47,16.94,5.28,8.72,40.84,13.12,1.25,0.0,1364,1345,847,331,0,136,0,0,31,19,19,0,0,0,0,0,0,98.61,62.1,24.27,0.0,9.97,0.0,0.0,2.27,1.39,1.39,0.0,0,0.0,0,0.0,0.0,1364,,,,,1175,148,147,105,132,394,68,181,12.6,12.51,8.94,11.23,33.53,5.79,15.4,25,0,25,0.0,100.0,1261,854,0,854,795,59,407,67.72,0.0,67.72,63.05,4.68,32.28,854,795,59,93.09,6.91,681,57,17,33,13,29,28,17,16,19,63,33,53,64,18,66,155,8.37,2.5,4.85,1.91,4.26,4.11,2.5,2.35,2.79,9.25,4.85,7.78,9.4,2.64,9.69,22.76,83576.0,55969,,681,681,681,0,100.0,0.0,384,17,17,56,76,102,100,0,0,0,16,4.43,4.43,14.58,19.79,26.56,26.04,0.0,0.0,0.0,4.17,297,0,0,0,0,15,184,81,17,0,0.0,0.0,0.0,0.0,5.05,61.95,27.27,5.72,0.0,384,0,16,0,141,132,0,51,44,0.0,4.17,0.0,36.72,34.38,0.0,13.28,11.46,1364,125,,,0,29,983,9.16,,,0.0,2.13,72.07,776,553,553,0,189,0,0,0,0,34,71.26,71.26,0.0,24.36,0.0,0.0,0.0,0.0,4.38,776,742,104,266,215,106,33,18,0,34,95.62,13.4,34.28,27.71,13.66,4.25,2.32,0.0,4.38,371350119012.0,92.6380844116211,110.068855285644,81.3028030395507,170.662048339843,0.657119870185852,-0.315721899271011,304.573822021484,10.0,46709.3203125,44695.63671875,15108.876953125,15269.04296875,15133.34375,15148.8916015625,15266.326171875,10.0207815170288,79.4023361206054,96.0976852416992,87.4567630767822
31,371350119013,15000US371350119013,Block Group 3,"Block Group 3, Census Tract 119.01, Orange County, North Carolina",nc,1061,1061,3305.646,0.320965966,1061,18,53,30,31,299,256,82,33,133,74,52,0,1.7,5.0,2.83,2.92,28.18,24.13,7.73,3.11,12.54,6.97,4.9,0.0,1061,946,767,37,0,133,0,0,9,115,47,0,0,68,0,0,0,89.16,72.29,3.49,0.0,12.54,0.0,0.0,0.85,10.84,4.43,0.0,0,6.41,0,0.0,0.0,1061,,,,,630,0,0,46,188,153,138,105,0.0,0.0,7.3,29.84,24.29,21.9,16.67,20,0,20,0.0,100.0,929,625,0,625,625,0,304,67.28,0.0,67.28,67.28,0.0,32.72,625,625,0,100.0,0.0,473,102,15,27,15,0,37,11,34,30,0,0,34,0,17,0,151,21.56,3.17,5.71,3.17,0.0,7.82,2.33,7.19,6.34,0.0,0.0,7.19,0.0,3.59,0.0,31.92,44669.0,60624,,473,473,473,0,100.0,0.0,271,0,13,56,100,0,54,0,48,0,0,0.0,4.8,20.66,36.9,0.0,19.93,0.0,17.71,0.0,0.0,202,0,0,0,0,0,35,111,56,0,0.0,0.0,0.0,0.0,0.0,17.33,54.95,27.72,0.0,271,0,0,14,35,182,40,0,0,0.0,0.0,5.17,12.92,67.16,14.76,0.0,0.0,1061,247,,,55,83,641,23.28,,,5.18,7.82,60.41,610,414,401,13,121,0,0,15,15,45,67.87,65.74,2.13,19.84,0.0,0.0,2.46,2.46,7.38,610,565,80,261,146,51,27,0,0,45,92.62,13.11,42.79,23.93,8.36,4.43,0.0,0.0,7.38,371350119013.0,100.871124267578,120.073287963867,97.1376266479492,167.353286743164,0.602818310260772,-0.25003045797348,305.582489013671,10.0,47226.74609375,45190.0546875,15293.078125,15260.048828125,15160.2626953125,15148.439453125,15273.01171875,15.0172414779663,69.7271270751953,96.3953872680664,89.1817710876465
32,371350119021,15000US371350119021,Block Group 1,"Block Group 1, Census Tract 119.02, Orange County, North Carolina",nc,2250,2250,2352.793,0.956310222,2250,120,114,106,103,160,316,257,251,295,279,207,42,5.33,5.07,4.71,4.58,7.11,14.04,11.42,11.16,13.11,12.4,9.2,1.87,2250,2052,1642,70,0,310,0,0,30,198,184,0,0,14,0,0,0,91.2,72.98,3.11,0.0,13.78,0.0,0.0,1.33,8.8,8.18,0.0,0,0.62,0,0.0,0.0,2250,,,,,1647,17,66,221,395,418,188,342,1.03,4.01,13.42,23.98,25.38,11.41,20.77,79,0,79,0.0,100.0,1886,1199,0,1199,1156,43,687,63.57,0.0,63.57,61.29,2.28,36.43,1199,1156,43,96.41,3.59,1004,47,26,39,17,0,56,48,46,31,60,70,112,97,51,89,215,4.68,2.59,3.88,1.69,0.0,5.58,4.78,4.58,3.09,5.98,6.97,11.16,9.66,5.08,8.86,21.41,85000.0,62223,,1130,1130,1004,126,88.85,11.15,389,5,0,0,9,172,174,0,29,0,0,1.29,0.0,0.0,2.31,44.22,44.73,0.0,7.46,0.0,0.0,615,0,0,8,26,202,173,88,54,64,0.0,0.0,1.3,4.23,32.85,28.13,14.31,8.78,10.41,370,0,0,0,29,101,115,115,10,0.0,0.0,0.0,7.84,27.3,31.08,31.08,2.7,2250,112,,,98,124,1880,4.98,,,4.36,5.51,83.56,1102,709,628,81,192,0,14,21,0,166,64.34,56.99,7.35,17.42,0.0,1.27,1.91,0.0,15.06,1102,936,111,300,287,172,47,10,9,166,84.94,10.07,27.22,26.04,15.61,4.26,0.91,0.82,15.06,371350119021.0,102.304969787597,119.700454711914,96.0563507080078,170.703796386718,0.566049456596374,-0.281786978244781,306.021118164062,10.0,47317.04296875,45254.65234375,10696.2587890625,15276.697265625,15081.9208984375,15173.951171875,15285.337890625,13.2079544067382,81.7002258300781,96.3282333374023,89.8559745788574
33,371350119022,15000US371350119022,Block Group 2,"Block Group 2, Census Tract 119.02, Orange County, North Carolina",nc,1715,1715,2561.895,0.669426268,1715,111,84,245,100,89,181,228,198,240,152,59,28,6.47,4.9,14.29,5.83,5.19,10.55,13.29,11.55,13.99,8.86,3.44,1.63,1715,1682,1168,326,0,162,0,16,10,33,26,0,0,0,0,0,7,98.08,68.1,19.01,0.0,9.45,0.0,0.93,0.58,1.92,1.52,0.0,0,0.0,0,0.0,0.41,1715,,,,,1086,68,13,65,229,339,101,271,6.26,1.2,5.99,21.09,31.22,9.3,24.95,11,0,11,0.0,100.0,1186,792,0,792,760,32,394,66.78,0.0,66.78,64.08,2.7,33.22,792,760,32,95.96,4.04,673,45,56,0,8,21,22,9,0,10,24,26,22,120,39,81,190,6.69,8.32,0.0,1.19,3.12,3.27,1.34,0.0,1.49,3.57,3.86,3.27,17.83,5.79,12.04,28.23,114222.0,59218,,681,681,673,8,98.83,1.17,212,50,0,12,21,39,90,0,0,0,0,23.58,0.0,5.66,9.91,18.4,42.45,0.0,0.0,0.0,0.0,461,0,0,0,13,67,165,161,38,17,0.0,0.0,0.0,2.82,14.53,35.79,34.92,8.24,3.69,212,0,0,0,43,78,61,30,0,0.0,0.0,0.0,20.28,36.79,28.77,14.15,0.0,1715,397,,,12,24,1213,23.15,,,0.7,1.4,70.73,747,516,464,52,81,0,6,0,16,128,69.08,62.12,6.96,10.84,0.0,0.8,0.0,2.14,17.14,747,619,84,175,263,44,29,14,10,128,82.86,11.24,23.43,35.21,5.89,3.88,1.87,1.34,17.14,371350119022.0,101.592247009277,119.238159179687,94.8523025512695,179.770675659179,0.620790123939514,-0.282169342041015,305.814392089843,10.0,47162.90625,45242.6171875,15293.0166015625,15270.453125,15149.3134765625,15172.2490234375,15293.1865234375,10.7960014343261,82.6762084960937,96.2144836425781,88.7418407440185
34,371350121001,15000US371350121001,Block Group 1,"Block Group 1, Census Tract 121, Orange County, North Carolina",nc,2749,2749,3190.562,0.861603606,2749,209,283,229,101,27,324,460,313,433,175,151,44,7.6,10.29,8.33,3.67,0.98,11.79,16.73,11.39,15.75,6.37,5.49,1.6,2749,2728,1413,753,0,467,0,34,61,21,21,0,0,0,0,0,0,99.24,51.4,27.39,0.0,16.99,0.0,1.24,2.22,0.76,0.76,0.0,0,0.0,0,0.0,0.0,2749,,,,,1900,21,404,170,542,478,70,215,1.11,21.26,8.95,28.53,25.16,3.68,11.32,66,0,66,0.0,100.0,1993,1353,0,1353,1211,142,640,67.89,0.0,67.89,60.76,7.12,32.11,1353,1211,142,89.5,10.5,1021,88,43,0,63,11,17,99,51,40,58,72,153,138,44,92,52,8.62,4.21,0.0,6.17,1.08,1.67,9.7,5.0,3.92,5.68,7.05,14.99,13.52,4.31,9.01,5.09,66985.0,34857,,1047,1047,1021,26,97.52,2.48,349,65,0,47,26,84,27,78,22,0,0,18.62,0.0,13.47,7.45,24.07,7.74,22.35,6.3,0.0,0.0,672,0,0,70,31,409,148,14,0,0,0.0,0.0,10.42,4.61,60.86,22.02,2.08,0.0,0.0,349,77,0,22,74,13,73,90,0,22.06,0.0,6.3,21.2,3.72,20.92,25.79,0.0,2721,64,,,387,28,1954,2.35,,,14.22,1.03,71.81,1211,812,575,237,241,0,14,0,23,121,67.05,47.48,19.57,19.9,0.0,1.16,0.0,1.9,9.99,1211,1090,77,361,382,177,52,21,20,121,90.01,6.36,29.81,31.54,14.62,4.29,1.73,1.65,9.99,371350121001.0,117.133872985839,134.339614868164,114.984085083007,178.351837158203,0.492421835660934,-0.188120275735855,308.270355224609,10.0,48250.1328125,46152.49609375,15362.306640625,15339.541015625,12917.01171875,15232.2197265625,15408.6669921875,24.5456428527832,59.2261810302734,97.2855270385742,92.8704719543457
35,371350121002,15000US371350121002,Block Group 2,"Block Group 2, Census Tract 121, Orange County, North Carolina",nc,2229,2229,2153.102,1.035250742,2229,143,80,98,94,218,461,200,316,298,201,97,23,6.42,3.59,4.4,4.22,9.78,20.68,8.97,14.18,13.37,9.02,4.35,1.03,2229,2186,1788,116,0,175,0,0,107,43,14,0,0,0,0,17,12,98.07,80.22,5.2,0.0,7.85,0.0,0.0,4.8,1.93,0.63,0.0,0,0.0,0,0.76,0.54,2229,,,,,1596,49,65,304,497,370,142,169,3.07,4.07,19.05,31.14,23.18,8.9,10.59,103,0,103,0.0,100.0,1847,1208,0,1208,1126,82,639,65.4,0.0,65.4,60.96,4.44,34.6,1208,1126,82,93.21,6.79,989,44,48,0,48,25,0,92,33,46,62,89,58,98,35,96,215,4.45,4.85,0.0,4.85,2.53,0.0,9.3,3.34,4.65,6.27,9.0,5.86,9.91,3.54,9.71,21.74,78393.0,72124,,1137,1137,989,148,86.98,13.02,413,0,0,54,11,13,12,7,249,67,0,0.0,0.0,13.08,2.66,3.15,2.91,1.69,60.29,16.22,0.0,576,0,0,12,56,45,146,175,85,57,0.0,0.0,2.08,9.72,7.81,25.35,30.38,14.76,9.9,413,0,0,12,201,87,81,23,9,0.0,0.0,2.91,48.67,21.07,19.61,5.57,2.18,2229,201,,,77,178,1697,9.02,,,3.45,7.99,76.13,1126,850,693,157,158,0,9,0,37,72,75.49,61.55,13.94,14.03,0.0,0.8,0.0,3.29,6.39,1126,1054,145,509,249,59,71,21,0,72,93.61,12.88,45.2,22.11,5.24,6.31,1.87,0.0,6.39,371350121002.0,112.353088378906,129.952438354492,110.8384475708,179.106674194335,0.527544856071472,-0.176513776183128,307.294403076171,10.0,48411.23046875,46266.4453125,15268.6552734375,15298.5859375,11708.3505859375,15235.9140625,15332.0263671875,18.9101161956787,67.4887771606445,97.4695480346679,92.7377159118652
36,371350121003,15000US371350121003,Block Group 3,"Block Group 3, Census Tract 121, Orange County, North Carolina",nc,1151,1151,2682.751,0.429037123,1151,31,0,105,24,284,166,168,201,40,68,31,33,2.69,0.0,9.12,2.09,24.67,14.42,14.6,17.46,3.48,5.91,2.69,2.87,1151,1145,440,462,0,173,0,0,70,6,6,0,0,0,0,0,0,99.48,38.23,40.14,0.0,15.03,0.0,0.0,6.08,0.52,0.52,0.0,0,0.0,0,0.0,0.0,1151,,,,,707,97,139,116,166,123,2,64,13.72,19.66,16.41,23.48,17.4,0.28,9.05,26,0,26,0.0,100.0,991,433,0,433,423,10,558,43.69,0.0,43.69,42.68,1.01,56.31,433,423,10,97.69,2.31,373,78,0,37,19,0,28,21,20,0,51,15,35,15,40,0,14,20.91,0.0,9.92,5.09,0.0,7.51,5.63,5.36,0.0,13.67,4.02,9.38,4.02,10.72,0.0,3.75,40875.0,19695,,397,397,373,24,93.95,6.05,322,0,0,12,23,101,66,50,42,28,0,0.0,0.0,3.73,7.14,31.37,20.5,15.53,13.04,8.7,0.0,51,0,0,17,0,34,0,0,0,0,0.0,0.0,33.33,0.0,66.67,0.0,0.0,0.0,0.0,322,13,36,75,56,116,26,0,0,4.04,11.18,23.29,17.39,36.02,8.07,0.0,0.0,1057,249,,,49,328,356,23.56,,,4.64,31.03,33.68,423,260,207,53,126,0,0,22,0,15,61.47,48.94,12.53,29.79,0.0,0.0,5.2,0.0,3.55,423,408,50,252,43,57,0,0,6,15,96.45,11.82,59.57,10.17,13.48,0.0,0.0,1.42,3.55,371350121003.0,138.06900024414,154.018478393554,138.010330200195,182.198913574218,0.384956836700439,-0.122712165117263,310.35366821289,10.0,49332.734375,47150.9453125,15324.4853515625,15281.755859375,15180.685546875,15204.8251953125,15315.25390625,46.445255279541,74.6759262084961,98.095336151123,93.8446914672851
37,371350121004,15000US371350121004,Block Group 4,"Block Group 4, Census Tract 121, Orange County, North Carolina",nc,1926,1926,2398.604,0.802967041,1926,94,198,203,22,379,78,166,299,189,153,107,38,4.88,10.28,10.54,1.14,19.68,4.05,8.62,15.52,9.81,7.94,5.56,1.97,1926,1701,1593,0,0,108,0,0,0,225,51,0,0,0,0,174,0,88.32,82.71,0.0,0.0,5.61,0.0,0.0,0.0,11.68,2.65,0.0,0,0.0,0,9.03,0.0,1926,,,,,1030,41,37,145,283,209,111,204,3.98,3.59,14.08,27.48,20.29,10.78,19.81,35,0,35,0.0,100.0,1409,1081,0,1081,1081,0,328,76.72,0.0,76.72,76.72,0.0,23.28,1081,1081,0,100.0,0.0,921,27,0,0,58,0,307,41,11,0,26,16,36,73,43,100,183,2.93,0.0,0.0,6.3,0.0,33.33,4.45,1.19,0.0,2.82,1.74,3.91,7.93,4.67,10.86,19.87,,58468,,937,937,921,16,98.29,1.71,472,0,0,27,290,84,52,19,0,0,0,0.0,0.0,5.72,61.44,17.8,11.02,4.03,0.0,0.0,0.0,449,0,0,0,0,108,203,64,61,13,0.0,0.0,0.0,0.0,24.05,45.21,14.25,13.59,2.9,472,0,0,27,11,415,0,0,19,0.0,0.0,5.72,2.33,87.92,0.0,0.0,4.03,1926,0,,,196,47,1656,0.0,,,10.18,2.44,85.98,1081,955,914,41,43,0,0,11,16,56,88.34,84.55,3.79,3.98,0.0,0.0,1.02,1.48,5.18,1081,1025,461,183,222,40,30,73,16,56,94.82,42.65,16.93,20.54,3.7,2.78,6.75,1.48,5.18,371350121004.0,106.611549377441,124.11181640625,101.374298095703,185.568634033203,0.586941540241241,-0.232310429215431,306.809051513671,10.0,47602.56640625,45547.13671875,15341.1025390625,15288.8486328125,15197.5341796875,15227.0322265625,15355.767578125,10.6930093765258,72.2067565917968,96.3760925292968,91.7634552001953
38,371350122011,15000US371350122011,Block Group 1,"Block Group 1, Census Tract 122.01, Orange County, North Carolina",nc,2068,2068,404.8972,5.10746961,2068,27,160,126,60,165,219,207,317,400,293,77,17,1.31,7.74,6.09,2.9,7.98,10.59,10.01,15.33,19.34,14.17,3.72,0.82,2068,1994,1591,227,0,149,0,8,19,74,74,0,0,0,0,0,0,96.42,76.93,10.98,0.0,7.21,0.0,0.39,0.92,3.58,3.58,0.0,0,0.0,0,0.0,0.0,2068,,,,,1530,37,93,228,448,327,203,194,2.42,6.08,14.9,29.28,21.37,13.27,12.68,50,0,50,0.0,100.0,1738,1107,0,1107,1101,6,631,63.69,0.0,63.69,63.35,0.35,36.31,1107,1101,6,99.46,0.54,786,31,20,0,8,11,3,20,0,26,64,23,89,56,73,69,293,3.94,2.54,0.0,1.02,1.4,0.38,2.54,0.0,3.31,8.14,2.93,11.32,7.12,9.29,8.78,37.28,138182.0,86732,,941,941,786,155,83.53,16.47,161,19,0,26,18,33,10,41,4,0,10,11.8,0.0,16.15,11.18,20.5,6.21,25.47,2.48,0.0,6.21,625,0,0,0,6,79,233,168,73,66,0.0,0.0,0.0,0.96,12.64,37.28,26.88,11.68,10.56,141,10,0,0,40,45,0,23,23,7.09,0.0,0.0,28.37,31.91,0.0,16.31,16.31,2039,120,,,228,18,1634,5.89,,,11.18,0.88,80.14,1062,876,821,55,49,0,12,31,8,86,82.49,77.31,5.18,4.61,0.0,1.13,2.92,0.75,8.1,1062,976,117,354,277,137,58,33,0,86,91.9,11.02,33.33,26.08,12.9,5.46,3.11,0.0,8.1,371350122011.0,114.338600158691,129.571594238281,109.080406188964,179.908889770507,0.628599226474762,-0.249345958232879,306.113891601562,10.0,47370.29296875,45435.52734375,15275.6220703125,15298.8447265625,14839.732421875,15245.4521484375,15342.455078125,15.5341138839721,84.2062530517578,96.4256614685058,89.7991203308105
39,371350122021,15000US371350122021,Block Group 1,"Block Group 1, Census Tract 122.02, Orange County, North Carolina",nc,1091,1091,2906.064,0.375421817,1091,0,78,14,70,206,103,104,153,111,171,81,0,0.0,7.15,1.28,6.42,18.88,9.44,9.53,14.02,10.17,15.67,7.42,0.0,1091,874,619,162,14,62,0,0,17,217,195,0,0,0,0,22,0,80.11,56.74,14.85,1.28,5.68,0.0,0.0,1.56,19.89,17.87,0.0,0,0.0,0,2.02,0.0,1091,,,,,723,143,185,84,118,122,44,27,19.78,25.59,11.62,16.32,16.87,6.09,3.73,52,0,52,0.0,100.0,981,494,0,494,482,12,487,50.36,0.0,50.36,49.13,1.22,49.64,494,482,12,97.57,2.43,502,131,71,0,28,26,46,11,44,12,10,15,0,30,0,19,59,26.1,14.14,0.0,5.58,5.18,9.16,2.19,8.76,2.39,1.99,2.99,0.0,5.98,0.0,3.78,11.75,28864.0,29957,,565,565,502,63,88.85,11.15,342,0,0,0,109,124,73,10,12,0,14,0.0,0.0,0.0,31.87,36.26,21.35,2.92,3.51,0.0,4.09,160,44,0,0,0,0,104,0,0,12,27.5,0.0,0.0,0.0,0.0,65.0,0.0,0.0,7.5,328,0,17,5,141,27,0,89,49,0.0,5.18,1.52,42.99,8.23,0.0,27.13,14.94,1091,261,,,45,271,371,23.92,,,4.12,24.84,34.01,482,368,329,39,85,0,17,0,0,12,76.35,68.26,8.09,17.63,0.0,3.53,0.0,0.0,2.49,482,470,126,179,25,81,17,30,12,12,97.51,26.14,37.14,5.19,16.8,3.53,6.22,2.49,2.49,371350122021.0,110.251472473144,127.756622314453,104.047142028808,172.687942504882,0.611631512641906,-0.260631412267684,305.257659912109,10.0,47627.18359375,45626.3359375,15228.787109375,15298.39453125,15114.19921875,15190.8330078125,15334.9365234375,24.159797668457,62.7348556518554,96.6278442382812,90.9000053405761
40,371350122022,15000US371350122022,Block Group 2,"Block Group 2, Census Tract 122.02, Orange County, North Carolina",nc,2085,2085,2977.976,0.700139923,2085,88,209,266,108,105,115,319,526,202,107,40,0,4.22,10.02,12.76,5.18,5.04,5.52,15.3,25.23,9.69,5.13,1.92,0.0,2085,1903,1420,57,0,346,0,0,80,182,182,0,0,0,0,0,0,91.27,68.11,2.73,0.0,16.59,0.0,0.0,3.84,8.73,8.73,0.0,0,0.0,0,0.0,0.0,2085,,,,,1309,100,55,89,290,470,122,183,7.64,4.2,6.8,22.15,35.91,9.32,13.98,50,0,50,0.0,100.0,1443,1038,0,1038,1024,14,405,71.93,0.0,71.93,70.96,0.97,28.07,1038,1024,14,98.65,1.35,643,0,0,0,0,11,0,0,56,0,74,9,32,13,47,86,315,0.0,0.0,0.0,0.0,1.71,0.0,0.0,8.71,0.0,11.51,1.4,4.98,2.02,7.31,13.37,48.99,181023.0,69344,,643,643,643,0,100.0,0.0,121,0,0,22,80,0,0,0,11,0,8,0.0,0.0,18.18,66.12,0.0,0.0,0.0,9.09,0.0,6.61,522,0,0,0,0,137,126,191,57,11,0.0,0.0,0.0,0.0,26.25,24.14,36.59,10.92,2.11,85,0,0,8,0,9,0,27,41,0.0,0.0,9.41,0.0,10.59,0.0,31.76,48.24,2085,0,,,143,213,1729,0.0,,,6.86,10.22,82.93,1024,744,706,38,55,15,13,16,29,152,72.66,68.95,3.71,5.37,1.46,1.27,1.56,2.83,14.84,1024,872,28,251,254,179,111,20,29,152,85.16,2.73,24.51,24.8,17.48,10.84,1.95,2.83,14.84,371350122022.0,120.578239440917,136.924499511718,115.775146484375,170.495986938476,0.578871488571167,-0.23862138390541,307.944244384765,10.0,48185.125,46217.08203125,15196.6279296875,15248.8857421875,15084.5693359375,15151.7353515625,15289.8701171875,30.1636543273925,71.406509399414,97.2238868713379,92.3211624145507
41,371350122023,15000US371350122023,Block Group 3,"Block Group 3, Census Tract 122.02, Orange County, North Carolina",nc,2178,2178,2016.183,1.080259059,2178,236,180,174,84,60,409,336,361,118,166,31,23,10.84,8.26,7.99,3.86,2.75,18.78,15.43,16.57,5.42,7.62,1.42,1.06,2178,2102,1975,51,0,68,0,0,8,76,71,0,0,0,0,5,0,96.51,90.68,2.34,0.0,3.12,0.0,0.0,0.37,3.49,3.26,0.0,0,0.0,0,0.23,0.0,2178,,,,,1444,0,0,89,528,409,294,124,0.0,0.0,6.16,36.57,28.32,20.36,8.59,73,0,73,0.0,100.0,1577,1193,0,1193,1186,7,384,75.65,0.0,75.65,75.21,0.44,24.35,1193,1186,7,99.41,0.59,954,93,24,0,10,0,14,15,46,27,89,93,82,96,34,61,270,9.75,2.52,0.0,1.05,0.0,1.47,1.57,4.82,2.83,9.33,9.75,8.6,10.06,3.56,6.39,28.3,98400.0,74398,,1026,1026,954,72,92.98,7.02,341,0,0,49,188,7,97,0,0,0,0,0.0,0.0,14.37,55.13,2.05,28.45,0.0,0.0,0.0,0.0,613,0,0,0,0,186,220,207,0,0,0.0,0.0,0.0,0.0,30.34,35.89,33.77,0.0,0.0,330,0,32,0,34,0,127,126,11,0.0,9.7,0.0,10.3,0.0,38.48,38.18,3.33,2178,94,,,39,10,1992,4.32,,,1.79,0.46,91.46,1162,895,876,19,106,0,15,0,36,110,77.02,75.39,1.64,9.12,0.0,1.29,0.0,3.1,9.47,1162,1052,129,404,186,201,132,0,0,110,90.53,11.1,34.77,16.01,17.3,11.36,0.0,0.0,9.47,371350122023.0,124.596351623535,138.877563476562,119.607452392578,164.338714599609,0.572847664356231,-0.237561956048011,308.095031738281,10.0,47863.99609375,46039.83203125,15247.455078125,15253.3271484375,15124.0029296875,15150.8828125,15293.93359375,31.8940238952636,81.4629211425781,96.9734947204589,91.1176307678222
