,Population Density (Per Sq. Mile),Area (Land),% Total Population: 75 to 84 Years,% Total Population: 85 Years and Over,Households:,Median Household Income (In 2019 Inflation Adjusted Dollars),Per Capita Income (In 2019 Inflation Adjusted Dollars),Renter-Occupied Housing Units,Owner-Occupied Housing Units,Renter-Occupied Housing Units with Cash Rent,Population for Whom Poverty Status Is Determined:,NDVI,NDBI,ESA_LC_MODE,Impervious_Surface,Tree_Coverage,RD_LST_0723,RD_LST_0808,RD_LST_Composite,RD_MODIS_0721,RD_MODIS_0724,am_hi,am_t,af_hi,af_t,pm_hi,pm_t
0,1535.794,0.71559096,2.73,0,479,63381,30015,133,346,129,1099,0.498911709,-0.168345198,10,34.34745026,61.31781387,43719.84375,46229.61328,44974.73047,15207.98535,15244.8252,67.88726807,67.23242188,85.70882416,83.64704132,82.24108124,80.40859985
1,3423.596,0.599077679,2.97,1.9,825,52536,27629,277,548,277,2050,0.584684253,-0.228104115,10,19.08098412,62.20319748,43154.45703,46228.85156,44691.65234,15215.27344,15253.3584,67.15970612,66.59989929,85.48278046,83.29857635,80.76094818,79.33308411
2,3731.308,0.616941855,0.65,1.39,1047,35114,22463,755,292,748,2302,0.535349905,-0.176735416,10,23.78323555,57.35105133,43800.62891,46652.75391,45226.69141,15234.75977,15341.24805,67.6472702,66.97257233,85.05960083,83.43114471,82.54813385,80.65619659
3,2283.128,0.932054511,4.75,3.24,771,47875,23968,448,323,438,1928,0.512244105,-0.183496118,10,26.53249359,55.98426056,43989.70703,46732.16016,45360.9375,15228.71973,15248.41895,67.67191315,66.95258331,84.69920349,83.3960495,83.358078,81.36696625
4,1532.754,0.713748095,1.65,0,349,,23650,241,108,230,1037,0.485845059,-0.17016013,10,39.27503204,66.0448761,43090.78516,46481.95703,44786.375,15258.8418,15300.82227,67.84463501,67.17315674,85.73458099,83.81209564,82.2734375,80.38795471
5,5952.476,0.195212874,1.12,0,410,48382,25483,281,129,281,1157,0.470296144,-0.139304787,10,32.05007172,42.33374023,42947.86719,46633.03516,44790.45313,15311.33398,15377.55566,68.01538849,67.30846405,85.54724121,84.08437347,83.67989349,81.38034821
6,4219.853,0.257591927,0,1.47,447,82227,48613,149,298,143,1075,0.541152239,-0.186844572,10,19.72368813,57.58746338,42288.94922,46238.67578,44263.8125,15289.8457,15343.35254,67.29290771,66.69464874,85.41437531,83.48767853,81.83546448,80.09735107
7,3307.005,0.33504634,2.26,0.09,546,32368,19401,371,175,371,1108,0.357701361,-0.063748427,50,50.25468063,43.49805069,42798.28125,47165.09375,44981.6875,15258.31641,15318.03711,68.22615814,67.48368073,85.1689682,84.8121109,84.30921173,82.23699188
8,5823.292,0.101660703,4.22,0,255,47366,26975,159,96,159,592,0.505556405,-0.147717491,10,24.61613655,43.2988205,42332.38281,47132.01172,44732.19922,15270.77051,15303.62793,67.87221527,67.17447662,84.44789886,84.05084229,83.90086365,81.48526001
9,6732.249,0.101154909,5.73,0.29,332,61071,51440,230,102,230,672,0.524737477,-0.176886216,10,23.47353363,46.09934235,42964.20313,47106.22656,45035.21484,15324.9541,15368.95605,67.94733429,67.2208252,84.71659851,83.94698334,83.50695801,81.19681549
10,3988.457,0.235178696,0,0,403,115662,66005,105,298,94,938,0.571823001,-0.209912077,10,14.5493927,59.23075104,43083.95703,46872.31641,44978.13672,15250.86426,15339.45215,67.2908783,66.63608551,84.78930664,83.30015564,82.17225647,80.22943878
11,7578.748,0.173379568,3.42,0,527,73317,42935,234,293,234,1314,0.559183836,-0.205073997,10,16.36994743,53.14142227,42087.58203,46526.37891,44306.98047,15319.82031,15353.12207,67.1862793,66.52737427,84.71173096,83.37931824,82.27078247,80.29108429
12,6112.317,0.256367597,2.23,0.83,643,70478,40002,452,191,441,1567,0.480962723,-0.148710355,10,24.62625313,46.0827179,42055.07031,46682.3125,44368.69141,15323.43945,15361.17285,67.97612,67.25831604,85.57147217,84.10657501,83.23908997,81.23108673
13,1789.625,0.496193419,8.45,4.05,454,91944,45591,122,332,122,888,0.530061066,-0.178783685,10,23.58270836,60.7921524,44602.69531,46923.57813,45763.13672,15233.82324,15300.4502,67.33927155,66.66876984,84.40715027,83.40099335,82.27907562,80.30258179
14,3821.031,0.281599374,1.58,2.14,413,110742,46995,115,298,115,1076,0.555544734,-0.193484277,10,13.67131042,59.50125885,43381.53125,46112.02344,44746.77734,15266.71582,15317.64355,67.52902222,66.83226013,84.7411499,83.34403992,82.58248901,80.53477478
15,1798.036,0.520568049,5.13,0,358,113250,43184,102,256,94,936,0.444706798,-0.098916382,10,29.9380455,43.30633545,44065.69922,46808.14453,45436.92188,15219.99121,15294.79199,68.53556061,67.7926712,85.70556641,84.05294037,83.38560486,81.22066498
16,4226.265,0.552970516,1.88,0.51,1374,47000,37990,1091,283,1091,2337,0.359389722,-0.083641671,50,45.52412415,39.10084534,44695.27734,47013.10156,45854.19141,15294.04297,15349.94043,68.68531799,67.88417816,85.20927429,84.45806885,84.305336,82.12598419
17,3203.874,0.343334409,6.73,7.27,135,15417,6552,105,30,98,309,0.483689219,-0.147888869,10,29.93531418,53.00697327,44921.35156,46952.20313,45936.77734,15280.06934,15323.01855,68.3899765,67.59492493,85.39978027,84.0165863,83.51316833,81.61798096
18,3199.395,0.180034039,4.86,0,305,52054,47390,194,111,194,570,0.500711203,-0.17554085,10,28.72174835,58.71104431,42103.73047,46833.25,44468.49219,15299.49805,15349.86914,68.30422211,67.47851563,85.35023499,83.70400238,83.34137726,81.33657074
19,5682.64,0.158201119,0,0,533,33750,25435,362,171,354,888,0.475124031,-0.114146635,10,31.778862,35.90623474,43277.99219,46978.82422,45128.41016,15262.08301,15301.52832,68.34501648,67.55425262,84.57138062,83.60860443,83.50160217,81.52397156
20,10680.01,0.183239459,1.84,0.46,594,30417,10919,479,115,388,1957,0.513427377,-0.155970365,10,27.03663826,49.90509415,44060.76953,47048.5625,45554.66797,15238.22852,15277.75293,67.94132233,67.29130554,85.35024261,83.7168045,82.55529785,80.57118225
21,4078.548,0.690686984,3.8,0.71,1223,44548,35069,738,485,720,2817,0.535861731,-0.200041145,10,19.11138153,63.47005463,45374.76563,46432.69531,45903.73047,15200.375,15274.55469,67.91712189,67.24991608,84.6782074,83.42810822,83.05631256,81.18834686
22,3335.507,0.666165635,0.86,0.77,796,52115,40344,402,394,402,2222,0.571780682,-0.242304564,10,19.28346443,70.86471558,44913.72656,46125.67969,45519.70313,15181.41602,15214.8125,67.74781036,67.12908173,84.46375275,82.89631653,82.04228973,80.26763916
23,328.9959,1.413391491,4.3,0,235,,125519,82,153,82,465,0.642318726,-0.253342599,10,8.035446167,77.75040436,44842.15234,46125.3125,45483.73438,15145.76172,15202.5459,67.58178711,66.98045349,84.70985413,82.74802399,81.48709106,79.77284241
24,3342.995,0.358959578,5.42,0,840,36500,37443,740,100,740,1200,0.32303679,-0.047193281,50,47.86003494,40.53151703,41685.58594,47353.83203,44519.70703,15312.56055,15378.03516,69.50125885,68.54076385,87.21871948,84.64902496,84.49589539,82.80252838
25,2428.861,0.525349152,6.5,2.82,536,108750,61575,98,438,98,1237,0.593809545,-0.229549199,10,10.20642471,65.98090363,44222.62891,46298.17578,45260.39844,15246.35938,15284.33008,67.35810852,66.7731781,85.16580963,83.09923553,81.69591522,80.04677582
26,2801.345,0.4305074,2.65,2.16,497,109063,58075,132,365,132,1206,0.592387676,-0.243515939,10,10.58150196,67.85411072,44855.51953,46027.10547,45441.3125,15216.23633,15274.80469,67.74710083,67.11190796,84.67510986,83.26280212,83.12805176,81.1113205
27,4788.608,0.200266951,0.52,0.63,350,28182,17630,259,91,254,944,0.511522174,-0.172324046,10,29.20620346,49.10868073,46012.65625,46883.60156,46448.12891,15325.17871,15492.9375,67.64637756,67.00563049,85.45562744,83.89022827,83.00705719,80.79065704
28,3837.587,0.195695887,1.6,0.13,292,42857,23752,202,90,202,744,0.46105957,-0.128640488,10,35.32915497,43.22651672,45528.09375,47181.58594,46354.83594,15333.8457,15503.53516,68.07633209,67.34945679,85.20659637,84.31158447,83.71295166,81.45246887
29,4433.374,0.194885459,6.6,0,359,41908,19647,243,116,228,864,0.46726045,-0.125100151,10,32.73572922,38.82936478,45965.20703,47395.72266,46680.46484,15326.70703,15482.66602,67.54891205,66.96182251,85.8127594,84.32724762,83.93975067,81.45130157
30,6060.691,0.234461704,2.04,0.42,515,26290,12637,414,101,414,1413,0.505546689,-0.161122888,10,25.91839218,45.38024139,44773.05078,47115.89844,45944.47656,15309.26855,15448.53418,67.29595184,66.78665924,85.46663666,84.02807617,83.13681793,80.85237885
31,3141.003,0.452403254,4.93,0.7,486,33523,16491,348,138,348,1421,0.45205155,-0.138894856,10,34.52610779,42.26128006,43342.0625,46733.95313,45038.00781,15281.05078,15399.64258,67.89547729,67.22033691,84.92801666,84.06401062,83.66823578,81.39008331
32,4813.071,0.634937691,1.54,0,989,21028,8695,787,202,787,3056,0.490611047,-0.168351606,10,31.1275425,50.76003265,44843.39063,46669.58984,45756.48828,15286.72363,15378.47266,67.75530243,67.09579468,84.96624756,83.76547241,83.15557098,80.9094162
33,1938.579,0.347677287,2.82,7.42,368,14256,14885,254,114,254,674,0.505563021,-0.170414701,10,27.82571602,52.439785,45236.35938,46971.43359,46103.89453,15303.05957,15396.98535,67.55666351,66.96126556,85.16661072,83.9943924,82.98574066,80.80869293
34,6688.075,0.128587082,6.98,0,355,26555,13773,284,71,284,860,0.504171968,-0.166580811,10,26.7302742,42.77616501,46588.91406,47234.96484,46911.9375,15324.99902,15469.91602,67.50302887,66.93890381,85.05817413,83.71226501,84.35865021,81.47464752
35,7377.081,0.181779221,1.19,0,530,29464,14525,384,146,384,1341,0.519313037,-0.175510153,10,22.90396309,46.07699203,44896.25781,46728.16016,45812.21094,15313.6084,15441.0752,67.35739136,66.76845551,85.10105133,83.50737,82.84643555,80.62188721
36,6442.328,0.273193158,0.8,0,717,25515,17410,585,132,585,1759,0.400411427,-0.093710065,10,40.09068298,34.96078491,44150.4375,47777.55078,45963.99609,15321.90625,15465.73242,69.04937744,68.20500946,86.15877533,84.46977234,84.18426514,82.49031067
37,5353.383,0.265813201,1.41,0.98,629,21314,14021,549,80,549,1423,0.341338664,-0.063351624,50,49.64333725,31.89932632,43417.16797,47793.93359,45605.55078,15292.76074,15430.625,69.64014435,68.62365723,86.00744629,84.78092194,84.39586639,82.55288696
38,4903.621,0.28183258,5.14,0.36,543,31683,17126,432,111,432,1382,0.49055168,-0.157906726,10,30.34618187,44.56788254,46407.15625,47322.07813,46864.62109,15260.59766,15376.79883,68.60704803,67.76021576,86.13056946,84.45463562,83.60509491,81.49880981
39,7740.587,0.433300463,2.39,1.25,450,29000,7736,292,158,286,1086,0.387114048,-0.09364596,50,38.15228271,43.45885468,46169.09375,47021.04297,46595.07031,15219.49805,15332.02246,68.47025299,67.72361755,86.38207245,84.96729279,84.26998901,82.07032013
40,4339.928,0.14539411,6.34,2.85,261,39850,19956,151,110,151,631,0.530463934,-0.191193566,10,22.27870941,53.25649643,46073.71875,46653.94531,46363.83203,15208.91211,15300.49414,67.81684875,67.16053009,85.84062958,83.97084808,83.11199188,80.97477722
41,5108.487,0.66771236,3.34,0.5,1188,30332,15670,933,255,933,3411,0.551245511,-0.190049544,10,22.27571869,58.37603378,44210.00781,46286.31641,45248.16016,15187.12598,15255.06445,67.73510742,67.10053253,85.80491638,83.81764984,82.66564941,80.67076111
42,1983.813,0.177940207,0,11.61,170,32941,22852,81,89,81,353,0.548995554,-0.199323684,10,18.76148796,59.00120163,45449.04688,47533.0625,46491.05469,15239.93652,15362.45703,67.61746216,66.98618317,85.69689178,83.63684845,82.15238953,80.29747772
43,3687.684,0.554277472,0.93,1.61,657,22917,7713,583,74,534,2044,0.429241657,-0.119239412,10,38.09021378,45.23789215,44255.17188,47383.11328,45819.14453,15260.96484,15388.94043,68.69956207,67.8743515,85.90398407,84.48970032,83.94652557,81.91133118
44,3203.683,1.057220728,0,0,17,,970,17,0,11,23,0.416369379,-0.117190287,10,42.06010818,53.9635582,45521.83594,47001.85547,46261.84766,15191.75586,15220.00391,69.07183075,68.2613678,85.44073486,84.09552765,83.77965546,81.81558228
45,7732.048,0.342600043,6,0.98,1203,24403,14250,1189,14,1151,2476,0.344692737,-0.067303777,50,48.93731308,32.48761368,45209.48828,47351.75,46280.61719,15227.14063,15290.9707,69.66176605,68.9465332,85.89764404,84.34281158,84.46430969,82.74443817
46,13417.61,0.061709938,0,0,552,31393,35613,537,15,537,828,0.267949909,-0.081030346,50,53.96635056,26.73226357,43914,47939,45926.5,15145,15084,69.71442413,69.09429169,86.13686371,84.21922302,84.26830292,82.16488647
47,6388.206,0.325913093,0.24,0.29,1050,30740,20780,1039,11,1039,2024,0.412300557,-0.111485466,10,36.96321106,39.57554626,43001.83594,47521.15234,45261.49609,15154.58008,15135.47559,68.75097656,68.12478638,84.40701294,83.36213684,84.54727936,82.4389267
48,1724.979,0.213915663,10.84,0,185,,14839,185,0,185,369,0.528816879,-0.189933211,10,25.34265137,54.38458252,44127.35938,46115.17578,45121.26953,15097.37695,15083.99902,67.67572021,67.14696503,85.07530212,83.94515991,83.25074768,81.06253052
49,10662.22,0.161973723,0,0,0,,763,0,0,0,0,0.44875735,-0.067261159,10,28.14984894,32.66937637,43094.80078,47142.82813,45118.81641,15326.38574,15373.96387,68.57062531,67.74291992,85.80808258,84.28665924,83.94817352,81.92713928
50,2216.649,0.776848387,10.51,1.39,736,85662,37286,127,609,113,1709,0.556447387,-0.178930029,10,17.11182213,55.25498199,42409.02344,46433.10938,44421.06641,15201.53711,15278.4248,66.60649872,66.05802917,84.53623962,83.58798981,81.95929718,80.13973236
51,1708.03,0.814974046,4.45,0.93,643,53504,27398,367,276,367,1311,0.539641201,-0.210141078,10,30.06374168,65.98530579,43812.45313,46331.96094,45072.20313,15212.72461,15306.88184,67.36449432,66.69075012,84.28630066,83.34373474,82.53619385,80.62538147
52,2144.176,2.446161141,2.52,0.84,1791,55094,28517,560,1231,539,5245,0.586808205,-0.213791266,10,25.82653427,72.89391327,44285.60156,45839.15625,45062.37891,15120.76465,15126.91406,67.28836823,66.79402161,85.11115265,83.21497345,81.17950439,79.51513672
53,3548.975,0.387717626,0.36,0,425,48830,19652,184,241,184,1376,0.605648458,-0.233705476,10,14.08333397,60.16884995,44371.54688,45656.48047,45014.01172,15188.55664,15279.59668,66.31991577,65.908638,86.85054779,84.42449951,80.28503418,78.89746857
54,2483.341,0.351139851,5.16,2.29,418,29867,17349,239,179,239,872,0.62882185,-0.261255413,10,17.8218174,66.03666687,43127.73828,46044.1875,44585.96094,15216.14648,15277.33984,66.37915039,65.95819855,86.22901154,83.88025665,80.21963501,78.88182831
55,1925.503,2.449230267,4.11,2.99,2143,33923,18009,1818,325,1712,4535,0.549537361,-0.208733663,10,37.60908127,70.12576294,44713.68359,46234.12109,45473.90234,15171.13086,15276.6709,67.60910797,66.99053955,84.84247589,83.48855591,81.92314911,80.23008728
56,2913.645,1.131572424,2.76,1.3,1192,48333,22101,464,728,464,3280,0.587531269,-0.211395085,10,25.6422596,66.80970764,44485.42188,46164.26172,45324.84375,15149.18555,15251.41211,67.08351898,66.53275299,85.38056183,83.56973267,81.92747498,80.22397614
57,4865.054,0.328259436,1.57,0.5,594,47885,19586,320,274,320,1597,0.548592985,-0.178507417,10,20.13739586,52.22496796,43036.91797,46448.86328,44742.89063,15205.10547,15295.03906,67.01874542,66.40461731,85.02539825,83.33898163,81.33255005,79.66828918
58,5169.812,0.329992649,1.58,0,869,37639,20677,800,69,800,1696,0.586029053,-0.223171115,10,19.38406754,58.33755875,43608.97266,46533.55469,45071.26172,15184.71484,15293.64746,66.59211731,65.99584198,84.76787567,83.27651215,81.50077057,79.86767578
59,4981.503,0.309745837,1.04,0.39,850,38309,23857,630,220,630,1543,0.499159336,-0.139099509,10,26.02342224,49.04273987,45409.42969,46512.91797,45961.17188,15145.17188,15252.55176,67.6473999,66.89482117,84.61454773,83.85799408,83.64677429,81.49424744
60,909.5399,1.776722518,3.4,1.61,655,75721,32685,76,579,76,1616,0.606655836,-0.247666821,10,25.06784248,74.40557861,43956.70703,45636.58594,44796.64453,15129.6123,15180.16016,66.78437042,66.3657608,86.17214966,83.83369446,79.97084808,78.58261108
61,3178.173,0.371911762,2.71,1.69,400,43377,19840,245,155,245,1182,0.597561896,-0.216672048,10,13.47038269,60.82616806,44116.61719,45954.90234,45035.75781,15188.59668,15230.16504,66.82193756,66.34371948,85.53051758,83.1924057,80.8036499,79.20850372
62,804.138,3.93713523,1.71,0.38,999,47765,17028,118,881,118,3161,0.628548682,-0.249062136,10,24.16184425,75.86709595,43843.02344,45496.03906,44669.53125,15101.91309,15156.01172,67.2270813,66.80222321,86.2155838,83.7069931,80.19146729,78.74629211
63,833.0032,2.756291921,2.44,2.22,630,51017,17198,84,546,84,2296,0.573521078,-0.220601708,10,27.9213829,72.64904022,43240.09766,45591.22266,44415.66016,15104.62109,15147.31836,67.30464172,66.82694244,86.10710907,83.76081085,80.514328,79.01194763
64,1619.299,1.403075999,4.53,0,811,41641,18255,337,474,268,2272,0.524007559,-0.204837307,10,28.60086441,65.78857422,44593.26563,46250.50781,45421.88672,15200.66895,15302.49512,67.30034637,66.78544617,85.28756714,83.61195374,81.91292572,80.05845642
65,4763.366,0.416932048,1.11,0,723,27433,13769,577,146,577,1986,0.572879374,-0.226988167,10,19.09503365,57.98551941,44845.90625,46194.94531,45520.42578,15206.97168,15269.59961,66.78141785,66.38786316,85.5598526,83.82333374,81.29922485,79.45018005
66,2621.369,0.955226047,7.59,0,814,41429,17444,407,407,385,2499,0.539945364,-0.199677035,10,23.19256592,59.55274963,43990.88281,46457.08594,45223.98047,15192.41406,15280.75195,67.1934967,66.68564606,85.5909729,83.91867828,82.06174469,80.16847229
67,1777.209,0.764682307,0.52,0,299,53813,14004,113,186,113,1359,0.553230464,-0.219323486,10,18.78513336,64.31226349,43715.44531,46323.5625,45019.50391,15207.49609,15314.99609,67.43091583,66.86356354,85.39154816,83.64295197,81.91983032,80.06492615
68,1456.32,4.017660313,0.58,0,1879,72453,25107,317,1562,317,5822,0.632878721,-0.279405743,10,25.44738197,76.3867569,43512.55469,45643.77344,44587.22266,15120.03223,15176.53223,66.80260468,66.40480042,85.73789215,83.39678955,79.9881897,78.58512878
69,2591.109,1.231904935,1.91,0.85,1156,54071,23553,437,719,387,3042,0.596915245,-0.245184377,10,22.52051926,65.59883881,43183.03125,45995.78125,44589.40234,15167.76855,15218.91211,66.51018524,66.10882568,85.99246979,84.07653809,81.10346222,79.44776917
70,2989.534,0.98644125,1.05,0,1055,76250,36166,276,779,276,2949,0.589781106,-0.220227614,10,23.94385719,62.02645111,42858.78906,46277.70703,44572.22656,15192.98535,15228.89453,67.02259064,66.54112244,85.54672241,83.84857178,81.72808838,79.8612442
71,2589.975,0.676454486,2.51,0.63,875,97471,62698,50,825,39,1752,0.591440976,-0.256935716,10,10.0380621,66.72319794,43688.33984,46061.53516,44874.9375,15233.27832,15283.29688,68.20017242,67.48087311,85.13022614,83.86993408,83.81247711,81.59069061
72,2173.155,0.356624432,2.71,1.03,317,76607,43565,18,299,18,774,0.582789898,-0.247931033,10,9.446443558,68.47788239,44943.22266,45894.34766,45418.78516,15193.4209,15253.05762,68.09277344,67.3688736,85.13922882,83.77313232,83.87993622,81.665802
73,1131.839,0.846410485,9.29,3.03,380,178667,120309,0,380,0,958,0.58979845,-0.215674818,10,5.957828045,65.60037994,44863.82422,46011.01172,45437.41797,15177.66602,15233.08691,67.60083008,66.99594879,84.80541229,83.08287811,82.66455841,80.43414307
74,1730.055,1.299958533,3.87,1.91,731,41075,17062,281,450,258,2212,0.507980287,-0.196514726,10,30.65277672,63.85189438,44783.52344,46837.63672,45810.57813,15202.02637,15299.2998,68.353508,67.59011078,85.60193634,83.70939636,82.32666016,80.50978088
75,1722.037,0.653876775,3.29,12.17,579,25524,16818,286,293,286,1118,0.562475026,-0.217603281,10,21.38228989,61.96312714,44515.18359,46673.25781,45594.21875,15168.64063,15254.79785,67.93802643,67.21574402,85.5735321,83.45215607,81.98730469,80.10744476
76,1881.198,0.891453165,6.26,0,650,39375,16373,153,497,153,1677,0.570185184,-0.212655395,10,21.95659256,62.91794968,44729.24609,46297.36328,45513.30469,15187.25,15224.25391,67.85267639,67.21395111,85.89006805,83.74755859,82.26968384,80.38978577
77,6993.167,0.496341682,0.43,0.43,1283,38288,19088,1006,277,978,3466,0.523836732,-0.194671556,10,23.36239624,54.42730713,45085.19531,46335.70703,45710.45313,15236.00684,15322.47852,68.39306641,67.68917847,84.00241089,82.94191742,84.15870667,81.96092987
78,3518.088,0.481227326,1.59,2.42,783,42703,30232,622,161,622,1693,0.447975963,-0.147876203,10,35.16897964,53.13216019,44749.71875,46852.61719,45801.16406,15229.3125,15330.70996,68.62647247,67.99217987,84.77598572,83.4644928,84.2285614,82.29627228
79,1361.696,0.467799079,24.18,27.32,405,77623,57297,375,30,345,580,0.3696087,-0.117311954,50,48.08882523,49.78246689,45090.94531,47738.73828,46414.83984,15219.99609,15353.34473,68.85559082,68.16372681,85.13404846,83.84420013,84.53224182,82.95354462
80,5957.058,0.517201624,0,0,1258,43638,21767,1240,18,1194,3081,0.490466624,-0.170995474,10,37.57746506,62.98141479,43554.64844,46453.35938,45004.00391,15200.10059,15254.7959,67.95315552,67.28894806,85.32640076,83.97511292,83.0055542,80.98443604
81,3660.492,0.607295478,0.58,0.94,1049,48413,27804,792,257,792,2197,0.390074074,-0.124063283,10,42.35099411,46.00231171,44631.48828,46761.45313,45696.46875,15211.19629,15300.48633,68.32063293,67.62656403,84.8152771,84.03839111,84.19054413,82.56598663
82,6250.327,0.560610706,2.28,0,1299,52277,24703,746,553,714,3504,0.469401479,-0.172471344,10,28.49520302,55.32249832,44945.46484,46666.6875,45806.07813,15176.92773,15250.70605,68.09278107,67.33716583,85.25695801,84.17488098,83.9882431,81.63315582
83,2331.275,1.62657742,1.74,0.58,1536,50478,27001,1046,490,1046,3765,0.525686443,-0.203158826,10,28.89192009,66.70671844,44676.33594,46631.36719,45653.85156,15188.21484,15292.63867,67.98134613,67.26062775,85.60870361,83.80509186,82.80767822,80.75093842
84,3520.25,0.593991941,0.77,1.82,1079,70043,53035,815,264,815,2028,0.230387241,-0.010811276,50,65.22157288,28.2716198,43227.18359,47785.47656,45506.33203,15332.63672,15431.90137,69.52494812,68.51634979,86.97629547,84.93052673,85.0220108,83.01117706
85,4399.31,0.250493825,2.27,2.63,246,41923,24542,135,111,135,636,0.359029472,-0.071004696,50,44.48220444,36.07522583,43820.07422,47779.64453,45799.85547,15284.85254,15389.32813,69.31480408,68.42302704,86.62466431,84.29695892,84.04966736,82.38478851
86,2370.754,0.223979416,0,0.94,195,50967,19635,179,16,179,531,0.331968188,-0.025256023,50,47.90402985,20.53177643,44821.71094,47705.94922,46263.82813,15279.43164,15399.38379,69.81358337,68.76906586,85.53860474,84.46085358,84.5477829,82.7697525
87,5134.087,0.827995342,1.48,0.26,2041,105133,65154,1497,544,1486,3310,0.192321062,-0.049291551,50,65.74289703,28.84809875,47358.13672,47990.36328,48296.35938,15405.63281,15451.72168,71.10250092,70.27993774,86.40472412,85.28647614,85.14324188,82.89983368
88,6429.397,0.268143327,0.58,1.04,982,59878,60284,334,648,334,1724,0.461480021,-0.15685308,10,30.81173897,36.64136505,47644.8125,47695.88672,48473.46094,15353.28125,15417.7666,69.28060913,68.53417969,86.15753174,84.35084534,83.64453888,81.36066437
89,12198.03,0.133300232,7.26,0,1308,57424,73214,1164,144,1164,1626,0.220381036,-0.024829697,50,60.98289108,22.66743851,48126.41016,47853.19531,48392.59375,15397.5918,15446.05957,71.23948669,70.4381485,85.9539566,84.8322525,84.91918182,82.81955719
90,1884.542,0.591655637,1.26,0.72,501,107321,63409,140,361,140,1115,0.284786791,-0.098954022,50,48.78580475,35.50123215,47798.89063,47677.37109,48061.64844,15346.24902,15378.25977,69.63713074,68.85793304,86.00577545,84.48571014,84.58841705,82.31642914
91,7676.289,0.121152299,5.16,0.43,332,43429,23308,292,40,292,572,0.389621973,-0.119373165,10,40.35472107,36.52581406,47911.03125,47673.21875,48218.28906,15375.26758,15321.5,69.32022095,68.60368347,85.75421143,84.16934967,84.2059021,82.04463959
92,2995.892,0.392203748,2.81,1.96,631,77386,51425,160,471,146,1144,0.478382945,-0.163371548,10,14.49908543,41.94115448,46202.66016,47200.96484,47422.63281,15379.93945,15320.6709,68.40158844,67.71670532,86.86051178,84.66899109,83.65312958,80.98843384
93,3885.287,0.433172663,1.37,1.49,808,74643,42776,323,485,315,1683,0.4367899,-0.173177749,10,17.21247292,46.27842331,46151.41016,46978.86719,47124.96875,15375.65723,15321.7959,68.56754303,67.84702301,86.76579285,84.63345337,83.68982697,80.99606323
94,1746.251,0.476449312,4.21,3.49,339,45096,29663,153,186,135,832,0.423775315,-0.125299469,10,37.04355621,54.82639694,46449.58984,46835.89453,46987.34375,15370.22266,15445.25293,69.51573181,68.74539948,85.86655426,84.16725922,83.15705872,81.04537964
95,4663.965,0.268226725,2.24,0.72,105,23542,4476,66,39,66,290,0.382070363,-0.061195064,50,28.20953369,35.99824524,45825.28906,47034.04297,47291.33203,15393.24707,15274.54102,68.48843384,67.69116211,87.22328186,84.83957672,83.65526581,81.07652283
96,5844.349,0.199680076,4.37,0,452,38712,16553,276,176,269,1167,0.330796272,-0.210404694,10,31.25570488,29.08081245,45622.54297,47081.9375,47347.51172,15397.17285,15367,68.90637207,68.0851593,87.09414673,85.07022858,84.10469055,81.4972229
97,7517.583,0.163217359,0.41,1.47,483,85750,47074,219,264,219,1227,0.454131454,-0.142576784,10,29.9115715,34.37073898,46600.09375,47648.44531,47918.32813,15399.80957,,68.98693848,68.13775635,86.80643463,84.85965729,84.16664886,81.4095459
98,5403.489,0.201536455,2.75,4.32,581,27542,24548,413,168,413,1089,0.399048567,-0.112418279,10,32.7155304,28.12017441,46418.95313,47675.39453,48034.12109,15417.16602,,69.26030731,68.38088989,86.92074585,84.95116425,84.29945374,81.59674072
99,6842.996,0.122022573,1.2,2.99,348,27596,19569,254,94,221,835,0.381895095,-0.059251551,10,40.86626816,28.1065712,46014.98438,47559.99609,47844.98438,15415.99902,,69.31573486,68.40060425,87.36312103,85.3815918,84.52270508,81.66749573
100,2904.429,0.419359472,6.16,0.74,555,47934,25485,209,346,200,1213,0.512979984,-0.168499976,10,23.45165443,51.13905716,45801.89844,46542.83594,47151.63281,15367.25977,15333.61719,68.62097168,67.91641998,86.68660736,84.43925476,83.09603882,80.68771362
101,8956.257,0.126392091,7.86,0.62,470,27031,16650,399,71,399,1132,0.416359693,-0.064566538,10,31.71795464,32.62514496,46213.28906,47284.87891,47693.96875,15373.96875,15304,69.03810883,68.22956848,87.37584686,85.19763947,84.23544312,81.38173676
102,2508.563,0.371128747,2.36,0,314,31792,12625,221,93,221,904,0.46794942,-0.16382435,10,32.01206207,50.20469284,45958.93359,46982.91016,47015.66016,15316.61621,15323.43262,68.39996338,67.68838501,86.7931366,84.35834503,83.17569733,80.5606308
103,5655.13,0.358435638,0,0,138,26894,3346,113,25,113,280,0.524687648,-0.212931603,10,30.54487801,64.23600006,46090.36719,46653.86328,47088.29297,15314.28809,15304.7666,68.16903687,67.49787903,86.83917236,84.16726685,82.42092896,80.18511963
104,7516.253,0.214468561,0.87,1.18,285,51250,15584,211,74,204,835,0.328825593,-0.05293519,50,48.47606659,24.3277626,46534.28516,47526.73438,47662.96094,15364.16113,15382.69922,70.2638855,69.4574585,85.21916962,84.12208557,83.63085175,81.5900116
105,2777.704,0.354609365,0,0.41,381,36927,19757,361,20,354,983,0.346631736,-0.099276967,50,42.32755661,39.90645981,46024.15234,47236.36328,47427.23047,15301.20996,15352.05957,69.177948,68.50395966,85.69528198,83.85925293,83.66767883,81.36545563
106,3684.246,0.161769861,7.05,1.17,243,25774,19957,165,78,165,596,0.471426457,-0.120557606,10,24.99473953,36.23568344,46277.40234,47453.14063,47766.29297,15338.66113,15349.71582,68.89724731,68.10417938,86.07558441,84.11994934,83.51769257,80.89168549
107,9148.323,0.165932043,0,0,1040,46786,44923,965,75,944,1487,0.27151376,-0.093583174,50,52.55158615,26.34752274,47305.4375,47478.31641,47896.6875,15377.88379,15418.51367,70.57642365,69.75376892,85.99436951,84.55358124,84.37490082,82.19608307
108,5042.67,0.209809466,3.5,0,490,72500,50993,242,248,214,1058,0.40710777,-0.090766296,10,38.37302399,41.07876968,46681.39453,47091.24219,47445.5,15381.69141,15391.6084,70.15624237,69.36707306,85.49638367,84.27413177,83.76116943,81.59249878
109,16465.73,0.22859604,0,0,0,,328,0,0,0,0,0.290523618,-0.162973732,50,44.04486465,28.44934082,47744.46094,47794.34375,48179.58984,15326.37988,15439.69434,69.91487885,69.16479492,85.64522552,83.89295959,83.34355927,81.31614685
110,3447.818,0.345725926,1.51,0.84,492,35873,17876,439,53,439,1189,0.384144545,-0.20433338,10,35.05636597,45.06430054,47268.22656,47236.53516,47697.625,15314.80371,15479.8418,69.38326263,68.67855835,86.221138,84.24697876,83.50675201,81.30157471
111,7139.882,0.057003739,0,0,0,,2236,0,0,0,0,0.365151078,-0.207200527,30,21.12531281,22.32176018,47084.20703,47303.39063,47799.20703,15310.86426,15466.36523,69.34169006,68.62511444,86.09144592,84.09441376,83.63611603,81.39583588
112,3628.579,0.139448523,0,0,0,,236,0,0,0,0,0.247531906,-0.112444341,50,52.82658005,26.12282372,47691.54688,47400.73438,48307.98828,15350.53809,15388.40234,70.70526123,69.84329987,85.90378571,84.55229187,84.41651154,82.31742096
113,15892.66,0.223121883,0,0,0,,115,0,0,0,0,0.295749247,-0.174745724,50,37.91947937,36.89664841,47866.00391,47459.42578,48304.15625,15344.16016,15391.74121,69.91490173,69.12348175,85.46696472,83.69566345,83.18247986,81.19895935
114,2995.658,0.308780195,0.43,0,80,22000,4434,76,4,76,134,0.418624252,-0.110092022,10,29.08332253,39.00233841,46769.45313,47227.17969,47589.72266,15349.39844,15427.0332,68.83560181,68.15420532,85.6700058,83.9147644,83.34038544,81.08462524
115,8406.442,0.170464496,4.54,2.23,878,73269,56232,662,216,645,1433,0.353934318,-0.175119728,10,34.99225998,40.5741272,47011.14453,47445.91406,47766.22656,15319.12598,15368.7373,69.59571838,68.80526733,86.69429016,84.76776123,84.21460724,81.82442474
116,4294.988,0.316881005,1.1,0,772,51016,81542,571,201,519,1361,0.33439675,-0.143847063,10,39.19346237,37.59938431,47635.23047,47573.25391,48078.8125,15362.42871,15408.40625,69.85768127,69.10705566,86.09275818,84.45717621,83.99572754,81.77059937
117,8538.175,0.235530435,0.9,0,747,56432,36823,526,221,501,1639,0.417233378,-0.110751674,10,31.52645302,41.32984543,46704.41016,47527.86328,47570.92188,15336.51367,15389.92383,69.76942444,69.03307343,85.74183655,84.31083679,83.74230957,81.58276367
118,3732.066,0.212750793,0,0,323,107589,45343,138,185,138,794,0.494936019,-0.267738402,10,11.42024803,54.81789398,45563.75,46585.42188,46673.28516,15281.50098,15330.02539,68.51876068,67.85126495,85.72764587,84.04631805,83.20433044,80.87748718
119,4257.067,0.189802038,1.73,0,321,56705,35024,166,155,166,808,0.482099086,-0.255124718,10,20.02308083,53.65452576,46126.87891,47389.17188,46806.44531,15307.51172,15363.0752,68.75830841,68.108284,85.66619873,83.99234009,82.95606995,80.76221466
120,4427.899,0.234422708,0,0,511,69792,94359,242,269,224,1038,0.556854367,-0.232075766,10,13.08377457,56.83578491,46449.17578,46997.27344,46957.51172,15299.72754,15365.50781,68.42041779,67.79503632,85.77610016,84.01850891,82.98544312,80.70333862
121,4517.153,0.195255731,0,3.74,368,,36713,285,83,285,850,0.28952077,-0.135688201,50,45.48928452,38.30376053,47440.64063,47489.98438,47460.01172,15317.15137,15427.40918,69.89353943,69.14109802,86.04547119,84.2926712,84.16593933,81.9916153
122,4940.027,0.28643569,2.26,4.17,509,79356,48886,201,308,201,1415,0.47782895,-0.177541971,10,21.51582909,50.98291016,46543.35938,47314.55859,47085.16016,15299.21094,15345.22461,68.87683105,68.2166748,86.42671204,84.26477051,83.24268341,80.90517426
123,2053.365,0.685703563,6.11,1.99,713,99886,71092,283,430,283,1408,0.486237675,-0.266522557,10,17.21860695,57.71168137,45566.52344,46461.72656,46308.22656,15238.42188,15278.5625,68.70126343,67.88799286,85.65913391,83.7442627,82.41120148,80.4552536
124,2621.293,0.797316435,3.97,3.78,778,158553,82369,41,737,41,2090,0.512699366,-0.250140458,10,10.74923515,58.50269699,45719.74219,46550.20703,46449.40625,15246.44238,15302.96484,68.34906006,67.58342743,85.34955597,83.72428894,82.79158783,80.72081757
125,1197.41,0.408381429,3.27,1.64,238,83438,47013,169,69,161,489,0.49840495,-0.276304752,10,22.14433861,67.22383118,45985.89844,46398.14844,46707.76953,15269.90527,15356.18945,68.28741455,67.51700592,85.62607574,83.70053101,82.05374908,80.06732941
126,2581.221,0.624510615,3.1,2.61,658,127656,77452,107,551,107,1612,0.524868727,-0.209097594,10,13.22708607,54.18564224,45704.13672,46429.10156,46609.71875,15273.84082,15308.48242,68.4177475,67.68729401,85.48543549,84.01476288,83.10723877,80.93268585
127,3129.113,0.275797031,3.48,2.55,508,81204,79851,225,283,225,863,0.497478247,-0.158467144,10,22.06337547,46.9246254,46769.05078,46758.08203,46329.04688,15288.04492,15327.47656,68.73418427,68.04915619,85.96768951,84.22403717,83.67655945,81.21059418
128,2998.586,0.341494246,2.34,0.78,448,159750,98155,62,386,62,1024,0.525305688,-0.21106109,10,11.21319485,56.17755508,46621.5,46584.33594,46874.38672,15274.08887,15287.19434,68.25229645,67.61423492,85.51161957,83.87281036,82.98792267,80.76220703
129,3373.929,0.38086161,6.46,1.63,509,118015,62478,145,364,145,1285,0.456677288,-0.190638423,10,18.18036461,46.92333221,46841.06641,47137.5,46818.28906,15296.28906,15333.81543,68.8924942,68.26150513,86.59759521,84.50843048,83.88621521,81.29299927
130,2954.519,0.258586912,3.8,0,261,169464,76383,10,251,10,764,0.508860826,-0.21621041,10,9.095727921,50.32341766,46083.59375,46544.99609,46766.82031,15276.86719,15311.80176,68.16721344,67.60287476,85.95232391,84.21156311,83.62419128,80.92943573
131,3651.068,0.266497374,6.06,3.6,306,213929,138610,31,275,31,825,0.509075463,-0.176780403,10,15.19631386,50.35255051,47027.82422,47293.92969,46907.93359,15318.20508,15366.94629,68.95580292,68.34337616,86.75107574,84.54289246,83.64958191,81.08342743
132,2023.256,0.45372411,8.5,3.05,329,203281,79213,24,305,13,918,0.499150187,-0.246442348,10,10.79200935,59.73447418,46025.60938,46570.30859,46735.39063,15258.64746,15303.28906,68.24183655,67.48280334,85.44146729,83.47917175,82.22303772,80.2914505
133,3274.047,0.433408572,4.23,0.56,536,232955,101635,0,536,0,1419,0.510261714,-0.22559531,10,9.726579666,57.24930573,46238.625,46630.33984,46556.64063,15267.40625,15291.375,68.37862396,67.63500977,85.47110748,83.74685669,82.75041199,80.69688416
134,1026.345,0.996740525,5.77,1.37,381,220795,111168,60,321,51,1023,0.477265596,-0.21562171,10,12.99517536,58.19717407,46024.48828,46515.91406,46522.57422,15242.75781,15255.46387,68.42319489,67.65202332,86.21018219,83.87772369,82.28792572,80.35308838
135,2136.45,0.623464279,1.88,0,650,100526,61849,197,453,197,1332,0.28013292,-0.130747974,50,41.8331604,41.48369217,47750.58594,47296.01953,47659.38281,15332.62207,15410.86133,70.18243408,69.39828491,85.79930878,84.47987366,83.95176697,81.87979126
136,4934.344,0.329932417,0.98,0,696,131591,71956,209,487,209,1628,0.366618454,-0.249729782,10,21.61022377,48.36645126,47222.02344,47117.22656,47593.39063,15295.06348,15362.68164,68.92874908,68.32471466,86.68264771,84.57923889,83.88597107,81.31760406
137,3177.919,0.504418167,6.67,7.24,806,66667,47595,345,461,333,1472,0.360496044,-0.180445254,10,28.58337784,45.58519363,47018.63672,47372.58594,47505.50781,15296.9209,15328.20313,69.51656342,68.80143738,86.15641785,84.31318665,83.75310516,81.42381287
138,2492.385,0.712570483,5.46,0,655,69217,31590,247,408,247,1771,0.504918337,-0.180300996,10,14.31802464,52.13473892,45046.9375,46504.29688,46649.00781,15364.20215,15346.64844,68.46086884,67.65235901,86.7134552,84.28347015,83.12940216,80.60139465
139,5882.098,0.379116428,6.86,1.66,868,45938,25839,539,329,530,2230,0.420259476,-0.185571,10,16.80215263,42.07915497,45499.39844,46570.00391,46912.5625,15382.8125,15339.00586,68.21351624,67.41544342,87.17703247,84.72974396,83.87567139,81.07984924
140,1986.983,0.608963439,8.51,0,418,43529,26146,113,305,103,1210,0.545486212,-0.270716399,10,10.19505596,64.41753387,45023.12891,46406.10547,46448.04688,15335.44238,15372.51758,67.90133667,67.17507935,86.27011108,83.62480164,81.45130157,79.44698334
141,8021.105,0.337733997,2.07,1.44,991,31886,14626,977,14,977,2526,0.438042343,-0.150200501,10,31.6835289,45.66366196,45396.13672,46449.36719,46764.00781,15298.60254,15338.87891,69.20858002,68.38574982,86.58744049,84.42380524,83.15932465,80.92831421
142,1654.969,0.975244673,3.41,1.86,576,24773,14698,486,90,486,1406,0.451760352,-0.155399874,10,21.87783623,50.02638245,45641.00781,46356.40625,46657.55469,15332.98535,15357.54883,68.44034576,67.70132446,87.05574036,84.55662537,83.37001801,80.94539642
143,4145.673,0.354586585,12.86,0.75,504,47092,23735,131,373,124,1470,0.559852839,-0.184603781,10,8.792125702,49.66239548,45613.17578,46060.9375,46400.58203,15239.62402,15236.98145,67.84179688,67.13739014,87.13895416,84.24224091,83.12174988,80.77198029
144,5859.921,0.391131542,4.49,0.44,665,36250,13048,389,276,368,2292,0.561175168,-0.232099116,10,10.95183182,56.65160751,45903.71094,46008.375,46566.6875,15236.91797,15288.94238,67.71208954,67.01400757,86.33662415,83.79436493,82.45738983,80.20620728
145,1762.68,0.525336411,6.91,0,306,40500,27849,114,192,114,926,0.603109062,-0.225257769,10,9.845562935,62.06686401,45503.07422,46068.90625,46445.60156,15229.59473,15257.38477,67.47380829,66.79557037,86.4282608,83.66544342,81.7844696,79.75648499
146,5514.379,0.225410697,1.77,0,373,30327,13512,287,86,287,1220,0.511413455,-0.189881384,10,17.15606308,51.51213837,45492.03125,46284.53906,46980.71484,15405.80469,15365.29492,68.56768036,67.85916138,86.48364258,84.24858093,82.98716736,80.66964722
147,3833.856,1.376681668,4.09,0.51,1642,54792,21150,587,1055,587,5278,0.540399909,-0.19802855,10,21.32917404,66.68096924,45841.90234,46305.48828,46401.13672,15250.25,15272.85742,68.07198334,67.47259521,86.48271179,83.91970825,82.28613281,80.06599426
148,3667.917,0.374054243,1.9,4.37,600,40278,21816,179,421,179,1368,0.564000487,-0.232865378,10,11.01560688,53.99262238,45823.07422,46526.33203,46600.8125,15262.55273,15251.91602,68.19864655,67.5191803,85.66122437,83.55776978,82.61669159,80.36183929
149,2882.104,0.512819751,6.63,0,482,28587,13030,328,154,328,1477,0.519945741,-0.228979304,10,23.58497047,58.70597458,45759.63672,46340.48047,46583.96875,15267.07227,15284.16211,68.41882324,67.70886993,86.14733124,83.71086884,82.58594513,80.35825348
150,1685.354,0.659801899,10.16,8.27,407,34654,21198,215,192,215,1112,0.464341879,-0.157779589,10,26.25998497,51.13628006,45800.25,46451.07813,46589.60156,15282.1543,15311.74023,68.28919983,67.58711243,86.55831909,84.16864777,83.25757599,80.84747314
151,3438.987,1.372497093,1.38,0.68,1554,46336,19507,773,781,744,4658,0.502806127,-0.195490241,10,31.27657127,59.27206039,45837.54688,46471.93359,46783.82813,15239.35645,15291.6416,68.42233276,67.7259903,86.5139389,84.20270538,82.756073,80.48782349
152,7616.852,0.29408476,1.7,1.29,584,54345,16249,300,284,293,2228,0.528545439,-0.199219763,10,17.42046738,50.76212692,46013.34375,46596.62891,46614.54297,15244.73438,15276.50293,68.51094055,67.82235718,86.38349152,84.19765472,83.20429993,80.78783417
153,2417.069,0.613553036,1.42,0,785,63977,43119,334,451,334,1483,0.451742381,-0.337156683,10,27.95820618,72.17118835,45299.72656,45789.19531,46037.71484,15207.0127,15282.94434,68.08725739,67.45480347,85.2629776,83.25905609,82.55748749,80.37474823
154,8289.697,0.292290543,0,0,1071,38018,23570,1071,0,1071,2285,0.53729713,-0.256702036,10,34.26950455,63.56138229,45826.90234,46227.46094,46788.59375,15204.23535,15207.35547,68.08337402,67.49743652,85.92495728,83.60411835,82.26049042,80.16867828
155,3931.124,0.644090629,0,0,1055,36037,18158,942,113,930,2532,0.507954717,-0.267532468,10,25.51018333,62.43716049,45412.74219,46208.44922,46377.53125,15198.54004,15242.77734,68.34621429,67.69545746,86.0315094,83.72812653,82.49747467,80.33708191
156,657.1691,2.743586071,1.39,0,926,48188,42212,856,70,856,1724,0.503946006,-0.207253069,10,24.54063225,58.0765686,46166.66016,46492.01563,46793.52344,15250.82617,15281.45508,68.66261292,67.9821701,86.48699951,84.04508972,82.50802612,80.36611938
157,6017.749,0.508495792,3.1,2.48,987,50563,21398,557,430,519,2914,0.53391856,-0.238883406,10,22.89910698,50.49118423,45401.4375,46551.31641,46590.55469,15204.63867,15284.16699,68.40036011,67.71013641,86.39903259,84.1034317,83.16323853,80.78755951
158,10707.72,0.44771443,2.23,0.15,1466,55469,22721,1076,390,1052,4794,0.468445987,-0.196949542,10,32.4544754,43.28775024,45182.80859,46713.21484,46296.11719,15179.40039,15277.3916,68.65070343,67.97142029,86.27993774,84.31280518,83.48963928,81.13694763
159,1123.54,4.2828905,0.35,0.91,2414,67087,49939,1766,648,1758,4812,0.43063733,-0.217802688,10,39.06640625,64.38017273,46862.22656,46771.50781,46686.49609,15205.51465,15293.19238,68.95274353,68.24129486,86.36376953,84.20413971,82.83901978,80.74591827
160,1405.329,0.768503175,0,0,0,,1803,0,0,0,0,0.401634485,-0.15967378,30,27.17013168,44.74766159,46947.10156,47295.62891,47037.06641,15292.20508,15380.6582,68.78102875,68.11528778,86.20901489,84.19577026,83.12739563,80.88645172
161,2804.144,0.808802975,5.56,1.19,812,82500,36789,193,619,186,2268,0.512811065,-0.277855754,10,14.18421745,59.45869827,46015.61328,46316.19922,46787.64063,15233.36035,15301.26563,68.31364441,67.679245,85.88378143,83.84091187,82.93419647,80.55831909
162,8754.339,0.175113167,1.63,0,519,34861,17551,464,55,464,1533,0.524237156,-0.29088816,10,18.7564373,55.92528915,46437.77344,46293.04688,46934.89063,15242.6582,15282.7793,68.47769165,67.77540588,86.09496307,83.92015839,83.24166107,80.70841217
163,3758.931,0.248740921,5.13,1.07,300,93500,33261,104,196,104,935,0.551724136,-0.258554727,10,14.05455112,53.12031555,46327.91016,46409.95703,46992.53906,15236.5293,15276.41211,68.45426178,67.76022339,86.06604004,84.1296463,83.22459412,80.79976654
164,5054.517,0.374912162,0.58,0,737,50474,25956,537,200,537,1895,0.554826796,-0.236933395,10,16.30809975,56.03630447,46146.86719,46478.13281,46192.58594,15240.49219,15347.25391,68.56270599,67.89635468,85.92969513,83.73406219,82.66770172,80.42299652
165,5001.811,0.516812819,0,0.35,955,45560,21097,805,150,791,2585,0.442785978,-0.185317084,10,30.86546516,51.08345032,46545.86328,46844.69922,46151.32813,15253.77148,15343.73047,69.09450531,68.34606171,86.7284317,84.4761734,83.48887634,81.09801483
166,5047.348,0.599720925,1.06,0,1506,58393,39618,1154,352,1154,3027,0.507778466,-0.237321138,10,22.26139832,52.70350266,46317.33203,46494.30469,45925.60938,15251.93262,15364.46875,68.55896759,67.86981201,86.31361389,84.14291382,83.13259888,80.76617432
167,2618.271,0.866220616,2.12,0.4,982,51064,30235,618,364,610,2268,0.389760613,-0.103758723,10,35.72292328,48.75044632,47173.0625,47040.08594,47605.58203,15304.36133,15437.32715,69.63645935,68.87556458,86.23548889,84.44194794,83.76481628,81.50239563
168,3902.019,0.518449506,1.29,1.29,922,56371,35941,557,365,557,2023,0.467848331,-0.232334077,10,20.92532539,51.67895508,46178.47656,46661.24219,46890.39063,15259.45605,15355.41504,68.91807556,68.19966125,86.38974762,84.1785202,83.41001892,80.95030975
169,5105.782,0.231502231,0,0,427,40744,32698,333,94,333,1182,0.325288087,-0.348965347,10,22.72390366,56.1043663,46991.76172,46880.98047,47545.84375,15303.20605,15444.17578,69.52156067,68.7623291,86.60362244,84.18226624,83.40601349,80.99884033
170,13869.21,0.173333622,0,0,729,36654,13258,652,77,652,2404,0.471068323,-0.22702378,10,25.16273117,49.60823059,46724.89844,46847.49609,47426.39453,15288.54395,15352.22266,69.13562012,68.40589142,86.38983917,84.25854492,83.71279907,81.20411682
171,12170.43,0.051436146,0,0,262,24213,12807,262,0,262,626,0.423227817,-0.150330052,10,34.46472168,27.02890778,46956.83984,47223.68359,47655.44922,15296,15340,70.10861206,69.31331635,87.24343872,85.2859726,84.24674988,81.75611877
172,10102.14,0.164024698,0,0,232,,7046,232,0,224,958,0.347188324,-0.059330638,50,37.89476013,28.37684822,47659.15625,47708.10156,48070.66016,15313.34473,15383.32617,70.09453583,69.28505707,86.79345703,85.0103302,84.53610229,82.15072632
173,9492.534,0.211007927,0,0,707,34042,17022,698,9,688,1982,0.462419778,-0.141061381,10,31.98731995,37.19923019,46790.76953,47134.21875,47629.28516,15298.30859,15373.63184,69.64159393,68.90996552,86.59819031,84.66960907,84.14177704,81.6531601
174,3301.755,0.548799068,1.6,1.93,931,61069,46109,581,350,567,1812,0.542806268,-0.288028687,10,23.17112923,65.29868317,45458.1875,45540.03906,46019.47656,15075.19922,15085.16602,67.97733307,67.34825134,86.38462067,83.75093079,82.04441833,79.98349762
175,2915.158,1.210568929,2.75,4.28,1566,83333,55613,910,656,893,3461,0.535295129,-0.286284596,10,17.87991905,62.76651382,46465.64453,46503.96875,46514.3125,15177.84961,15237.30078,68.21324921,67.52440643,85.84092712,83.47107697,82.09361267,80.10212708
176,1346.851,1.294872023,4.59,3.15,782,87174,63549,479,303,479,1698,0.508952856,-0.246501148,10,32.15545273,61.05767822,46108.07031,46280.82813,46409.33594,15125.02148,15154.66602,68.42510223,67.80966187,86.39235687,84.03224945,82.3068161,80.28702545
177,2451.665,0.939361495,4.47,3,886,70893,38991,509,377,509,2241,0.438492447,-0.191553712,10,29.88433266,48.32421112,47118.88281,47118.63672,46967.30078,15252.22461,15366.13965,69.01896667,68.20996094,86.06976318,84.30448151,83.18338013,81.12689209
178,3422.819,0.326923522,6.08,3.93,576,78947,56295,71,505,71,1119,0.439712733,-0.259574175,10,22.76160431,46.82884598,46855.85547,46646.60547,46756.25,15243.11133,15387.30957,68.76268005,67.970047,85.92829895,84.22916412,83.43302917,81.12654114
179,3359.287,0.997830878,7.73,3.13,1698,79362,53992,1045,653,1010,3218,0.475530446,-0.214114159,10,28.32101059,57.76486969,46630.75781,46638.76953,46806.6875,15223.8584,15325.86914,68.95294952,68.13452148,85.69116211,83.85736084,82.81636047,80.77684784
180,4084.049,0.743379892,1.84,1.61,1350,83359,43347,548,802,548,3036,0.48774761,-0.260360986,10,16.36898232,55.00686264,46093.86328,46128.82031,46151.00391,15236.47266,15299.78223,68.18588257,67.53083801,86.15658569,83.69132233,82.32491302,80.22838593
181,3913.525,0.577484529,0.75,0,938,61081,35240,664,274,664,2260,0.377804488,-0.236853987,10,34.91350937,51.24829483,45906.20313,46388.90625,46452.73438,15238.37695,15304.60254,69.06175232,68.29798126,86.13884735,84.19615173,83.29808044,81.13813782
182,2414.11,0.696737205,8.62,15.64,777,101827,54320,353,424,344,1682,0.494422525,-0.304652929,10,18.5532341,65.73410034,45860.84766,46526.47266,46607.85547,15250.34473,15315.5,68.18062592,67.52091217,85.6664505,83.3113327,81.98032379,79.99329376
183,2361.396,0.421361026,1.81,4.62,518,56250,37697,358,160,358,995,0.500411928,-0.211636662,10,27.82706261,60.97129822,45356.74219,46569.48047,46673.69531,15264.18848,15328.20508,68.57634735,67.82510376,85.6342926,83.64311218,82.52926636,80.56576538
184,2480.881,0.383734596,5.04,0,420,67750,39298,247,173,247,952,0.443075359,-0.258604199,10,21.44602013,58.73675156,45593.11719,45922.01953,46242.10156,15204.78906,15253.87109,68.42415619,67.72084808,86.12184143,83.9538269,82.49274445,80.46604156
185,3479.099,0.652755148,4.36,0.4,856,68333,36794,302,554,302,2271,0.473712683,-0.219793171,10,29.78679085,60.84136581,45482.15625,46049.11719,46211.31641,15210.77637,15282.32031,68.69821167,67.95597076,85.89635468,83.83883667,82.81755066,80.84848785
186,2769.96,0.879795968,3.94,1.44,765,144479,52854,56,709,44,2432,0.515391648,-0.254758686,10,12.92322731,59.95185089,46160.9375,46281.44531,45941.56641,15241.32227,15294.40137,68.26699066,67.59516907,85.82196045,83.602211,82.43315125,80.29919434
187,2426.654,0.400963634,5.14,2.06,470,98409,55737,173,297,173,973,0.39624849,-0.174629748,10,30.17570686,53.42489243,46689.16016,46852.33203,45946.89844,15266.95313,15221.09766,69.27574158,68.51491547,86.46032715,84.46260071,83.68117523,81.36885071
188,3009.355,0.56224662,8.1,0.53,735,96932,48559,155,580,155,1692,0.510607541,-0.221076205,10,13.59594822,50.46828842,46134.86328,46532.37891,46089.83984,15248.45313,15302.33203,68.3949585,67.76512909,86.11128235,84.19038391,83.22816467,80.87943268
189,3608.095,0.427926693,4.27,14.31,798,93444,63043,490,308,490,1539,0.361183375,-0.280703008,10,19.91713715,61.34259033,46343.42969,46561.15234,46701.05078,15285.01855,15308.26953,68.83503723,68.10236359,85.78347778,83.98375702,82.9157486,80.82672119
190,4567.165,0.320330056,5.81,4.1,730,28750,32119,376,354,376,1453,0.429857254,-0.193023652,10,23.96276855,43.94073868,46508.30859,46833.02344,46473.57813,15255.8291,15277.80078,68.89550781,68.19876099,85.96266174,84.2772522,83.45814514,81.16453552
191,2514.546,0.767136373,3.21,2.85,875,93375,71295,400,475,390,1929,0.489020824,-0.243454635,10,11.89906693,62.25217819,46774.87891,46698.60938,46578.24219,15252.4668,15246.80273,68.76289368,67.92841339,86.1825943,83.84744263,82.56642151,80.45748901
192,2168.785,0.431578061,2.88,1.07,468,87917,59877,214,254,214,936,0.430672199,-0.171171263,10,26.54490089,48.35595703,47313.78516,47277.65625,46862.33203,15255.16309,15301.60059,69.30653381,68.42440796,85.66473389,84.16172028,83.29846191,81.38954926
193,4470.139,0.590138255,5.27,1.18,986,83400,42196,336,650,268,2638,0.532251656,-0.219194159,10,13.20857716,56.47550964,46415.14063,46961.68359,46179.62891,15293.86328,15316,68.56139374,67.82206726,85.72988892,83.61828613,82.36741638,80.3793869
194,1595.229,1.111439512,2.54,2.65,784,52692,25689,518,266,489,1773,0.300833136,-0.154977456,50,44.19981003,41.60808563,46709.74219,47538.64063,47105.69141,15314.74414,15425.96191,69.80641937,68.94947815,85.72234344,84.35379028,83.74745941,81.73351288
195,2124.924,0.930856823,0.96,1.97,738,44310,30925,540,198,540,1821,0.312970847,-0.076879375,50,47.97660828,49.7539444,47010.63672,47535.03516,47165.82813,15310.62598,15424.94434,69.83642578,68.99629211,85.86367798,84.45030212,83.61972809,81.74449921
196,5321.621,0.514880764,0.8,0,1057,25881,13704,1042,15,1010,2740,0.367439866,-0.183885396,10,43.17923355,50.76207352,46477.91797,47265.28125,47180.67969,15310.35059,15386.75586,69.54130554,68.70684052,86.26878357,84.44500732,83.71698761,81.56962585
197,7561.967,0.246099982,0.86,0,730,40536,19021,470,260,470,1861,0.436297774,-0.162529305,10,26.17519188,43.58939743,46892.40625,47344.27734,47056.08594,15323.29688,15386.27734,69.29608154,68.53449249,86.2433548,84.40500641,83.57030487,81.311409
198,4952.166,0.367314057,5.28,0.77,665,61277,26752,281,384,273,1799,0.397072673,-0.145495072,10,27.97096634,36.58600616,47137.13281,47434.59375,47569.05859,15345.59082,15390.3291,69.28063202,68.43119812,85.94024658,84.45207214,84.00408936,82.01669312
199,2596.268,0.671348284,6.2,2.75,773,43607,26542,384,389,384,1743,0.431430191,-0.158951923,10,30.31300354,52.16733551,46701.52734,46987.62109,47294.75,15332.18457,15360.41602,69.04708862,68.22042847,86.19023895,84.32563019,83.21442413,81.04087067
200,2937.92,1.094992332,4.85,1.52,1288,68500,34785,675,613,666,3217,0.440657079,-0.157165289,10,27.68693733,45.84913635,47014.63672,46964.92578,47554.04297,15335.58594,15415.96484,69.45140076,68.68489075,85.62987518,84.14039612,83.12613678,81.04811096
201,2399.882,0.853375382,0,1.42,723,63922,30053,155,568,155,2043,0.366528213,-0.12407434,10,38.56499481,41.79304886,46785.74219,47380.69531,47543.03516,15326.74609,15412.30273,69.44210815,68.57631683,86.47186279,84.59268188,83.86885834,81.55134583
202,2167.883,0.658707299,0.63,0,602,51833,23744,550,52,539,1428,0.362597227,-0.139268473,10,45.71159744,55.82051086,46016.69141,46977.10938,47150.36328,15321.38574,15371.52246,69.37275696,68.5249176,86.58837891,84.58958435,83.55044556,81.26329803
203,1396.23,0.913173343,10.43,4.63,419,70129,29275,120,299,120,1150,0.425258338,-0.147735462,10,31.09753036,56.92426682,45820.11719,46688.08203,47266.45313,15311.5332,15385.39844,68.85369873,68.05518341,86.09624481,84.1134491,83.09087372,80.86950684
204,4440.585,0.427646383,5.32,0.58,618,68531,23412,212,406,195,1891,0.442638487,-0.175502628,10,25.97919273,49.73624039,46480.59766,47046.75781,47265.71094,15333.64746,15385.83984,68.6244278,67.86964417,86.422966,84.25714111,83.23755646,80.89543152
205,2340.175,0.845663378,4.35,1.77,753,42083,24349,207,546,207,1979,0.468719155,-0.172886014,10,20.94958305,46.22979355,46435.46875,47008.16406,46874.43359,15325.82422,15392.99805,68.49936676,67.74434662,86.77692413,84.44545746,83.36727142,80.85967255
206,3150.743,1.066732356,6.81,2.05,1281,60160,30185,647,634,637,3361,0.427928567,-0.160551295,10,30.13981247,43.46146011,46134.64063,46998.60547,47323.12891,15320.89453,15395.69727,68.85129547,68.04658508,86.55368042,84.48880768,83.81011963,81.3109436
207,4548.034,0.162267933,6.78,7.45,328,,21990,328,0,328,601,0.384008884,-0.118743725,10,38.27652359,35.60645676,45871.83984,46931.23438,46938.73047,15242.53711,15306.75293,69.34293365,68.57429504,87.04057312,85.03131866,84.22425842,81.76342773
208,1609.471,0.923906211,10.76,1.08,629,54107,27248,197,432,197,1487,0.453805566,-0.156790063,10,31.43447113,53.1006813,45907.35547,46701.19922,46767.52734,15225.19922,15332.93262,69.12289429,68.35472107,86.1020813,84.23918915,83.55225372,81.34177399
209,4267.022,0.327394567,2.29,0,710,44588,24794,477,233,438,1397,0.465484798,-0.191717282,10,24.54536819,45.28991318,45935.90625,47142.96484,47092.05469,15260.68652,15336.93945,69.23160553,68.46853638,86.65106964,84.46795654,83.64902496,81.16873169
210,1843.899,1.623190532,5.61,2.14,1245,41037,22543,562,683,513,2945,0.55391711,-0.264981449,10,22.24069786,68.11528015,45703.27734,46148.35156,46235.10547,15246.74219,15292.65527,68.18840027,67.65483093,86.63294983,83.86766815,81.9240799,79.86032867
211,610.642,2.641482509,12.03,3.53,612,40224,23965,229,383,229,1613,0.533703923,-0.224573672,10,34.06096268,69.19796753,45976.08594,46263.08203,46437.54688,15221.4043,15259.90527,68.34050751,67.7511673,86.72917938,83.90044403,81.91914368,79.83330536
212,3438.91,2.17161817,0.94,0,2049,59513,21122,521,1528,479,7382,0.522437871,-0.239971131,10,29.08469009,72.40896606,45590.91797,46005.17188,46362.42578,15213.99609,15226.6377,68.18457031,67.56163788,86.52374268,83.93531036,82.20565033,80.05744171
213,660.9942,2.054480947,7.66,0,397,,19995,24,373,24,1358,0.544960618,-0.229783624,10,20.05092049,70.52850342,45551.95703,46063.09766,46314.17578,15202.91113,15240.60645,68.05821228,67.47824097,87.01068878,83.96312714,81.80043793,79.75667572
214,2948.683,1.450138765,0,0,1619,57531,23122,478,1141,478,4276,0.52371937,-0.20602861,10,28.4548893,65.30973053,45091.82422,46172.13281,46253.50781,15217.17871,15264.01465,68.34182739,67.66650391,86.56065369,84.11843109,82.69691467,80.37168121
215,2702.721,0.892063979,0.95,0,772,49727,20910,310,462,310,2411,0.591966152,-0.232644901,10,19.21340561,63.43908691,45233.46875,45672.94922,46069.26563,15190.35938,15205.22852,67.81943512,67.28266144,87.36403656,84.19642639,81.86903381,79.76784515
216,4036.611,2.487235076,0.76,0,3047,66576,24051,871,2176,871,10040,0.561872482,-0.190027252,10,22.32104301,61.01056671,46306.82813,46288.92969,46728.38281,15197.43359,15259.23242,67.66343689,67.15307617,87.42902374,84.36186981,82.67819214,80.17663574
217,576.1885,7.395149321,4.39,0.19,1395,59293,24161,382,1013,382,4261,0.558337808,-0.249333113,10,29.76774788,73.56415558,45943.90625,45880.11719,46453.74219,15165.40918,15212.30762,68.22112274,67.65911865,86.51042938,83.7904892,81.52879333,79.57015228
218,3069.511,1.345165306,2.06,0.78,2086,72929,52070,1524,562,1524,4129,0.478279442,-0.251914084,10,27.56263161,57.98925018,46404.75,46491.05469,46655.87891,15242.95605,15397.36719,68.45915985,67.76891327,85.87685394,83.76719666,82.56748199,80.50801086
219,3812.511,2.083141312,1.69,0.78,3545,84241,73607,2169,1376,2169,7880,0.504887998,-0.190680772,10,33.50557709,54.58687592,45283.87109,46720.45313,46752.25391,15249.19824,15343.33789,68.10382843,67.39907837,85.31098938,83.97084808,83.4234848,81.24575806
220,1687.928,2.446194731,2.49,0.51,2200,108962,73398,1622,578,1622,4129,0.422241777,-0.144912079,10,46.33654785,59.63853073,44601.80469,46517.29297,46349.75,15255.29004,15356.35449,68.37998962,67.66674805,84.83291626,84.09833527,84.03244781,82.09481812
221,2613.065,0.781457675,14.3,9.94,933,101616,51067,215,718,185,2042,0.521288693,-0.303589761,10,15.15719128,59.72037506,44478.16406,46423.66797,44211.82031,15221.0498,15271.85156,67.76399231,67.18582916,85.75354004,83.45796967,82.13031006,80.12047577
222,4097.184,0.563557823,3.68,2.08,928,81757,41014,303,625,303,2258,0.500719726,-0.336451262,10,16.41020584,64.09581757,45567.78516,46030.40625,44501.55078,15215.34277,15243.66211,67.5982666,67.03760529,85.76379395,83.20407867,81.33605957,79.48978424
223,8802.474,0.311048932,0.58,0,1426,57656,33156,992,434,992,2738,0.407447428,-0.266498715,10,29.00688362,45.94839478,45691.52344,46525.53516,45331.39063,15223.04199,15291.75195,68.31171417,67.66611481,86.14227295,84.04347229,82.61646271,80.54415131
224,2473.371,0.580179908,0,0,791,55417,51199,433,358,433,1435,0.471205026,-0.189357877,10,28.19719887,55.25601959,44736.98047,45740.80078,46106.87891,15104.19824,15168.60938,68.44438934,67.76223755,86.42333221,84.16259003,82.99126434,80.79576874
225,4681.253,0.466968959,0.37,0,1526,55417,48047,944,582,944,2186,0.517760813,-0.211076275,10,34.96561432,49.43183136,45826.52344,45951.84766,46157.50391,15171.64258,15212.54395,68.59912872,67.88532257,85.97517395,83.94741821,82.9623642,80.87754822
226,2051.87,1.594155649,3.64,0.92,1455,91837,51101,508,947,490,3271,0.549225807,-0.264357418,10,28.39605904,66.81389618,44284.66797,45785.25391,45219.31641,15128.60645,15134.60547,68.27446747,67.66044617,86.22071075,83.81550598,82.08958435,80.10257721
227,1968.112,1.004516237,2.98,0,724,129792,55910,111,613,111,1977,0.557301879,-0.283568829,10,15.2241087,66.33039856,45477.66016,46123.95703,46092.77344,15189.78613,15272.36035,68.11001587,67.4772644,85.67269135,83.34503174,81.79184723,79.92389679
228,1867.612,0.73409259,5.84,0,498,149583,61051,7,491,7,1371,0.581106067,-0.295003772,10,11.21369553,68.23184204,45152.17188,45805.26953,46161.82031,15197.13379,15265.46191,67.78839874,67.20896912,85.76651001,83.32038116,81.77256775,79.79294586
229,4660.787,0.349082698,4,0.98,743,78393,52484,406,337,367,1627,0.548865259,-0.240109563,10,19.01929474,49.3483429,45321.8125,46122.79688,45766.17578,15237.95215,15292.77344,68.06369781,67.38311005,85.8121109,83.87449646,83.17668915,80.89414215
230,1898.173,0.626918735,7.14,0,476,110500,47664,20,456,12,1176,0.546272993,-0.290923297,10,17.57408333,68.82385254,44801.36328,46042.33203,46029.40625,15166.12695,15183.37207,68.17276001,67.54716492,85.53451538,83.11442566,81.86959839,79.97623444
231,5654.487,0.304536932,2.9,1.28,982,50500,43504,822,160,804,1722,0.448673993,-0.313646972,10,21.6812973,54.81974411,44125.33594,46027.98828,44825.67188,15235.39844,15288.80859,68.04140472,67.35269928,85.66947174,83.77670288,83.11880493,80.86592865
232,7815.382,0.229931181,0.89,0,869,47388,33757,761,108,761,1797,0.528030276,-0.278087974,10,19.47270775,49.28954315,43732.12109,46245.31641,44743.22656,15228.72559,15251.12012,68.06381226,67.38716125,86.09136963,83.95215607,83.02992249,80.66671753
233,3676.956,0.430247167,2.91,1.83,647,94063,46533,40,607,40,1582,0.526702285,-0.206096247,10,17.79113579,52.87281418,44174.8125,46522.33984,44936.10156,15223.20313,15225.32617,68.35466003,67.70058441,85.91352844,83.97290802,83.22259521,80.90984344
234,2606.691,0.713164694,11.57,7.37,872,81977,49781,451,421,451,1859,0.506968439,-0.254151076,10,18.46686363,50.89750671,45218.67578,46426.3125,45886.92578,15253.53027,15328.55566,68.25465393,67.62503052,86.12114716,84.0200882,83.0851059,80.80542755
235,3934.001,0.230299909,3.75,1.21,497,75208,47974,223,274,223,906,0.481129646,-0.206670195,10,28.09306908,41.04113007,44458.26953,46617.69141,45077.63281,15226.84766,15257.46582,68.53520203,67.87554169,86.21709442,84.33733368,83.42949677,81.2480545
236,2734.214,0.580422766,6.43,1.45,714,61944,36117,247,467,247,1587,0.522931635,-0.312506884,10,11.29828358,65.00544739,45327.25,46033.70313,45857.09766,15210.55371,15237.54395,67.52884674,67.03128815,86.01301575,83.80501556,81.5374527,79.665802
237,2754.007,0.688451452,6.65,2.37,736,132273,55215,28,708,28,1896,0.540667355,-0.240687907,10,17.44992065,53.72823715,45775.97656,46320.28125,45962.36328,15228.80176,15252.36719,68.16451263,67.53687286,86.14698792,83.89510345,82.69138336,80.47756195
238,2940.743,0.339710068,9.51,1.7,600,51204,41778,356,244,356,999,0.506038725,-0.306492239,10,12.25048828,60.54271317,45634.19141,45934.48828,46011.48828,15211.47949,15245.27539,67.68006134,67.15319824,86.05430603,83.78482056,81.97821808,79.89569855
239,2139.593,0.579549403,3.79,4.6,559,78984,58590,158,401,158,1240,0.4199422,-0.260905147,10,22.13732529,53.99150467,46113.89063,46462.43359,46313.90625,15223.44629,15267.95801,68.52368164,67.87294006,86.26831818,84.14894867,83.00456238,80.72229004
240,6305.601,0.313530796,4,0.76,945,58011,36734,511,434,502,1977,0.505124927,-0.299979568,10,19.95204544,56.88435745,45718.26172,46557.35547,46334.58984,15225.50098,15291.56738,68.16173553,67.5397644,85.9176178,83.48814392,82.15701294,80.00218201
241,1545.186,2.584801937,1.1,0.65,2021,69885,40255,1146,875,1117,3994,0.439260602,-0.180376276,10,41.88877487,62.86743927,44647.41016,46604.67969,46648.78125,15263.24316,15372.66992,69.03974915,68.28208923,86.38989258,84.2660675,83.58127594,81.50108337
242,3203.515,1.132506019,0.99,0,1214,107188,42868,99,1115,91,3626,0.515877247,-0.221365333,10,31.26564026,57.94824219,44393.3125,46279.51953,46409.25391,15228.71875,15302.6709,68.70159912,67.9881897,86.1475296,84.11392975,83.21012115,80.89565277
243,4760.646,0.462542297,0.95,0.36,768,122500,45729,101,667,101,2202,0.530668437,-0.269088,10,26.32417107,53.32571411,44330.97266,46145.17188,46294.58984,15194.58887,15277.27344,68.28946686,67.62406921,85.75344849,83.80847168,82.86860657,80.6312561
244,6723.927,0.308748149,1.06,0,641,131328,43475,30,611,30,2076,0.52317065,-0.246663988,10,24.96167564,44.21245193,45258.45703,46324.44141,46515.08594,15166.09082,15231.10938,68.50603485,67.85018158,86.31523132,84.33657074,83.66014862,81.16893768
245,4403.563,0.321784889,14.04,6.28,787,67745,49941,346,441,346,1417,0.556546807,-0.220900714,10,17.34408188,52.97537231,45309.35156,46226.96484,46183.71484,15174.21582,15175.22461,68.31272125,67.60498047,85.4522171,83.49002075,82.41352081,80.40673828
246,4821.798,0.369156923,7.19,21.57,844,66765,48104,501,343,467,1633,0.528701067,-0.218489289,10,22.2710228,57.24194336,44668.08984,46531.92188,45117.99609,15210.91992,15242.91504,67.99707794,67.38696289,85.59616089,83.45509338,82.00177765,80.13899231
247,2816.02,0.314628485,19.41,0,438,93534,57906,15,423,15,886,0.466485649,-0.261710018,10,23.68694687,55.11544418,44855.34375,46203.80859,45918.75,15168.9834,15220.65625,68.42834473,67.68094635,85.60193634,83.6574707,82.61707306,80.58766174
248,3727.989,0.202253833,0,0,390,,111392,88,302,88,754,0.5444206,-0.254545212,10,19.11751938,66.87547302,45492.77344,46249.85938,44893.75781,15220.43359,15249.9707,67.74028015,67.18077087,85.7747879,83.08033752,81.69152069,79.75808716
249,3638.557,0.504045965,15.65,10.85,846,77222,54508,300,546,300,1811,0.413542509,-0.160484225,10,35.76240158,47.81720734,46096.375,46605.83203,46126.375,15218.10742,15253.6123,68.99147034,68.21717834,85.91654205,84.26517487,83.54849243,81.42493439
250,3299.195,0.474964363,9.89,1.21,791,64583,41044,149,642,141,1567,0.48814559,-0.206366301,10,28.02887154,52.67066956,46175.26953,46901.01953,44682.68359,15224.41992,15318.46094,68.19268036,67.54218292,85.67694092,83.77253723,82.62447357,80.64738464
251,2889.956,2.263356046,0.49,0.84,2491,107813,46980,819,1672,802,6525,0.401210546,-0.18711777,10,41.50567627,49.98529434,44535.73047,46566.24609,46532.88672,15245.55273,15326.36523,69.15311432,68.4029541,86.04147339,84.20876312,83.67605591,81.49191284
252,3536.858,0.724371696,1.56,1.52,1155,82202,46460,343,812,343,2562,0.569389224,-0.269537419,10,20.2238884,60.45402908,45826.57813,46263.55078,45869.66016,15233.55469,15338.61328,68.15908813,67.48082733,85.77536774,83.47753906,82.31871796,80.20677948
253,2702.966,0.899752431,2.63,0.66,991,80229,62322,404,587,381,2432,0.522956789,-0.218329847,10,27.33445358,60.27382278,44573.72656,46486.75781,46172.19141,15226.85547,15315.1582,68.55667114,67.82331848,85.93881989,83.77841949,82.56906128,80.4597168
254,4846.073,0.422403888,2.1,0,925,56701,31161,688,237,688,2047,0.454131067,-0.23833631,10,27.79338646,47.14344406,46324.12891,46333.24609,46642.39063,15249.71387,15405.94043,68.64382935,67.91683197,85.7029953,84.08824158,83.36286926,81.15595245
255,1932.168,0.460104834,1.12,1.12,411,91528,46958,92,319,92,889,0.438975155,-0.211569831,10,35.11898041,49.74148178,46955.45703,46671.34766,46433.22266,15219.6709,15358.62305,69.12845612,68.31256104,86.03538513,84.2000351,83.25077057,81.14774323
256,1486.886,1.272457633,3.91,1.37,802,108929,66741,301,501,301,1892,0.538401127,-0.283039123,10,26.31163597,64.49871826,45235.79297,45844.11328,46134.5,15122.36133,15187.68848,68.39891052,67.71853638,85.93132019,83.80221558,82.66095734,80.5161438
257,1189.937,1.142917264,6.84,0.81,500,175227,74532,0,500,0,1351,0.574495316,-0.303656697,10,17.78048515,64.46266937,44620.67188,45915.77344,45090.15625,15178.31543,15268.04785,68.07829285,67.46779633,85.82357025,83.22959137,81.49801636,79.64306641
258,424.9201,1.623834551,8.99,5.51,246,154750,83117,0,246,0,690,0.561649799,-0.253936857,10,21.4654274,67.61383057,44871.96484,45619.59766,44531.04688,15128.14941,15146.81348,68.31509399,67.62684631,85.78220367,83.3864212,81.83641052,79.93434143
259,3327.518,0.490155167,9.5,2.02,775,64763,35881,249,526,249,1631,0.431007415,-0.283671319,10,18.01422691,52.20549393,45337.23047,46566.73438,46071.10938,15239.00684,15272.90234,68.41949463,67.76358795,86.0888443,83.7795105,82.78740692,80.52095795
260,3054.324,0.471790217,3.96,4.09,813,52250,38307,305,508,305,1441,0.507049501,-0.260973245,10,14.65538502,55.94012833,45437.80078,46501.41797,45957.5625,15262.98926,15276.45703,68.44033813,67.75969696,86.09879303,83.85178375,82.74744415,80.46800995
261,4392.247,0.378394031,3.43,0,960,35724,23452,764,196,764,1647,0.303340286,-0.200857788,10,36.14172363,45.88212204,46575.85938,47379.54688,47254.19531,15232.49609,15281.47559,68.65972137,67.91137695,85.87052917,84.34992981,83.32215118,81.34560394
262,4131.308,0.327499201,9.98,15.59,864,41935,40880,399,465,383,1353,0.441096246,-0.214883536,10,25.76420593,46.36465073,45840.01563,46508.93359,46273.41406,15271.9248,15290.69043,68.81707764,68.09196472,86.24836731,84.37923431,83.47625732,81.26519012
263,3620.143,0.334240931,1.74,1.4,533,65625,36298,160,373,141,1205,0.520402789,-0.198491544,10,15.98592377,54.75323868,45949.99219,46456.95313,45990.82813,15272.1582,15289.00977,68.69062805,68.01726532,86.36270142,84.04239655,82.80554962,80.59870148
264,5752.419,0.238682187,4.01,0,658,58889,34126,262,396,262,1373,0.444611847,-0.215264156,10,20.67419434,46.35381317,45628.11328,46644.625,45834.57422,15282.65723,15317.82031,69.28253174,68.43682098,86.04042053,84.23564148,83.12800598,80.96352386
265,10372.21,0.106727522,0,0,432,38632,18725,356,76,356,1107,0.423614323,-0.15192987,10,23.98756218,32.98713303,46108.59766,46842.05859,45837.30469,15276.91699,15296.94434,69.17123413,68.41304016,86.01600647,84.54717255,83.56746674,81.4111557
266,3966.693,0.563693731,1.74,3.13,895,41550,25898,637,258,630,2177,0.494926125,-0.220566168,10,25.43981934,51.70234299,45540.90234,46529.45313,45257.99219,15230.60449,15314.79688,68.55065155,67.83146667,86.00969696,83.77339935,82.49027252,80.45475769
267,3731.732,0.288873925,6.31,1.48,427,116518,49531,2,425,2,1078,0.509584606,-0.241757393,10,17.47782707,53.26113129,46006.5625,46481.625,45912.61328,15231.0752,15299.70801,68.45468903,67.76839447,86.12038422,83.82044983,82.42409515,80.34841919
268,2788.741,0.838371066,5.39,0,1077,61106,34423,364,713,364,2276,0.499021024,-0.259007365,10,24.50375557,60.4349823,46264.59766,46515.45313,43656.71484,15221.77246,15323.46387,68.33972168,67.63063812,85.68997192,83.41705322,81.99462891,80.05439758
269,4276.105,0.466312199,0.6,0,866,78929,50512,471,395,471,1968,0.448414236,-0.205745578,10,32.15324783,45.67280197,45648.82422,46668.72266,44850.11328,15227.30176,15329.21777,68.28658295,67.61432648,86.08667755,84.22875214,83.21675873,81.01778412
270,7315.073,0.294187077,0,0,702,77653,27843,165,537,165,2152,0.429997981,-0.210543871,10,24.16537857,41.51510239,46584.26563,46647.08984,46898.71094,15294.22656,15380.57324,68.82646942,68.13262177,86.24620056,84.27398682,83.73409271,81.25865173
271,10373.67,0.216702548,1.02,0,889,33839,17136,845,44,845,2248,0.389330864,-0.126073301,10,37.84917068,35.56255341,47575.58203,47458.33203,47225.35938,15342.18262,15440.37305,69.37387085,68.51789856,85.85079193,84.28094482,83.65329742,81.67631531
272,7565.763,0.214651188,0,0,580,48571,19238,530,50,523,1619,0.514595509,-0.226616293,10,20.38129234,54.45008087,46836.86719,46529.03906,47232.72266,15329.9248,15395.61914,68.51172638,67.77883148,85.69724274,83.64922333,82.48316956,80.34096527
273,10533.45,0.137751603,3.38,0,698,32697,21578,698,0,698,1451,0.31741032,-0.135931268,50,47.23000717,29.03863144,48453.70313,47888.23047,47843.87891,15350.79297,15425.18359,69.3007431,68.43818665,85.57775879,84.59703827,84.26927948,82.33421326
274,2563.183,0.636708355,9.74,2.45,614,101389,45676,52,562,52,1632,0.51609385,-0.213247702,10,18.96041107,51.91294479,45638.17578,46321.36328,42935.74609,15212.74316,15177.58203,68.42404938,67.72010803,85.7722702,83.80888367,82.65786743,80.55278015
275,2446.236,0.491367141,1.41,2.16,485,110893,65637,19,466,19,1202,0.392354727,-0.297194928,10,19.44417,53.82741547,46362.98047,46565.49219,43415.34766,15203.97168,15279.4209,68.76073456,68.01506805,86.19260406,84.05875397,82.87533569,80.64788055
276,2515.309,0.738279096,9.59,2.85,769,90972,62394,300,469,291,1857,0.493829995,-0.204511195,10,13.87682247,49.27579117,46405.55078,46396.47266,44449.68359,15243.16113,15286.67871,68.34163666,67.65279388,86.25473785,84.1889801,83.11493683,80.82061768
277,1932.358,0.655158248,4.34,2.13,455,116458,79210,73,382,73,1266,0.440293193,-0.256935954,10,13.20172787,49.17155838,46161.07422,46461.29688,45689.91016,15252.3877,15285.88086,68.07698822,67.42532349,86.64974213,84.40552521,83.09436798,80.81520844
278,1354.116,0.544266614,4.34,1.22,325,100819,58228,19,306,19,737,0.489351898,-0.215012744,10,19.8596859,59.60776901,46157.25,46542.64844,46120.76563,15274.01074,15336.57617,68.25845337,67.58583832,85.82820129,83.6824646,82.48960114,80.31262207
279,4467.763,0.763693114,0.82,0,1157,147566,67488,62,1095,0,3412,0.511435986,-0.186581433,10,30.41088676,49.29972458,43743.69531,46860.08203,45950.38672,15163.02344,15250.21973,68.36183929,67.73001862,86.32045746,84.02596283,82.78609467,80.55075073
280,8426.031,0.173628604,0,2.46,552,84881,34318,98,454,63,1433,0.480671108,-0.153357893,10,29.26554871,45.25156403,45872.46484,47060.64844,46109.78125,15216.62793,15319.79492,68.75134277,68.13478851,86.63754272,84.3967514,83.36665344,81.13121033
281,1307.733,2.316222701,3.27,2.28,1205,108060,55795,473,732,473,3002,0.536986649,-0.247679055,10,32.90548706,59.85113525,45270.28906,46229.73438,42669.36719,15211.96387,15311.99219,67.99933624,67.42180634,86.7931366,83.92980957,82.07774353,79.95667267
282,3579.106,2.808522279,1.41,2.41,3339,82567,30698,1153,2186,1153,9957,0.451746166,-0.198502213,10,28.76574135,64.12421417,45010.98828,46396.26563,43567.61719,15226.02539,15269.71973,68.94781494,68.24547577,86.27168274,84.31980133,83.57632446,81.3312912
283,4908.397,0.315989109,0,0,444,55375,18871,171,273,171,1551,0.476148486,-0.17850028,10,28.45473289,56.80012131,44727.65625,46739.23438,43790.53125,15242.55664,15243.01465,68.94291687,68.23921967,86.20166779,84.12973022,83.33585358,81.05186462
284,2253.503,0.979363997,4.21,0,956,56250,23105,456,500,456,2207,0.504794359,-0.236410007,10,22.29399109,66.83927155,45193.73047,46424.58984,44918.58984,15266.07227,15313.81934,68.49305725,67.73149109,86.09115601,83.85835266,82.18534851,80.02971649
285,2335.764,1.849502005,3.1,0,1813,56470,29043,1257,556,1250,4320,0.381048352,-0.169906303,10,42.82695007,57.68751144,46538.92578,47049.82813,46410.70703,15297.5459,15346.19141,69.47789001,68.69441223,85.69573212,84.12363434,83.19998932,81.19633484
286,5561.987,0.249730887,2.02,2.45,634,91429,53378,145,489,128,1389,0.411642075,-0.249913886,10,28.13933563,43.88288879,45188.25391,46536.55859,42121.16016,15215.86621,15341.27148,68.68473816,67.9405365,86.24277496,84.23674774,83.17525482,80.88574219
287,1574.71,1.517105099,2.93,1.38,1024,92292,50469,355,669,341,2329,0.432366937,-0.210576519,10,36.71199036,66.42982483,45772.38672,46527.07813,43358.82422,15240.5166,15300.78809,68.94529724,68.19033051,86.05455017,83.8924942,82.54511261,80.51238251
288,4171.147,0.580655586,4.34,2.11,1014,94044,42237,228,786,197,2422,0.382130593,-0.266952544,10,30.21405411,44.58588791,46049.07813,46707.86719,42338.73828,15193.76367,15170.80762,68.85075378,68.09477997,86.15268707,84.31233215,83.30627441,81.04465485
289,2556.23,1.098101613,3.99,2.96,1191,61875,35068,668,523,668,2642,0.372378439,-0.178627908,10,35.90225983,47.74899292,46815.91797,46867.00781,44598.74609,15275.51465,15356.4248,69.1852417,68.45233917,86.5688324,84.53270721,83.67732239,81.33742523
290,713.854,1.582956755,3.27,0.62,489,60139,24506,442,47,442,1130,0.281445086,-0.13081041,50,50.5759964,48.51037216,46833.83984,47617.42578,46950.53125,15323.4668,15407.32324,69.9834671,69.19989777,85.78838348,84.40441132,84.17191315,82.13159943
291,4283.197,0.482816909,0,0,1101,50039,30121,1028,73,1007,2068,0.331591636,-0.156048,50,47.2620163,46.46470642,47157.23438,47059.98438,45596.57031,15316.63672,15405.20898,69.61069489,68.80292511,85.7301712,84.35558319,83.93617249,81.81916046
292,6222.075,0.868681245,1.35,0,1558,77241,27458,474,1084,440,5354,0.454078466,-0.201940656,10,26.90878296,53.34770203,46535.17188,46870.58594,47347.83203,15287.98828,15370.61621,68.20168304,67.49728394,86.36322021,84.07078552,82.94728088,80.55458832
293,5363.869,0.361492795,0.67,0.83,643,70222,24580,160,483,160,1939,0.503318906,-0.154955655,10,22.21666908,43.45999146,46618.63281,46891.44141,47380.01953,15309.76758,15390.68457,68.4317627,67.73143005,86.61742401,84.28894806,83.55344391,80.9335556
294,2631.65,0.857256868,6.65,0,937,73054,36870,0,937,0,2256,0.502110243,-0.18611227,10,26.92916298,64.84945679,46101.07422,46530.68359,46925.3125,15309.02637,15333.97656,68.36862183,67.66880035,86.43470001,83.91583252,82.70796204,80.43309784
295,3055.943,0.885160472,0.89,0,926,87679,33263,234,692,234,2705,0.429631174,-0.160922244,10,28.85094833,51.86733246,46245.92578,46877.97656,47337.24609,15302.24023,15361.47266,68.85941315,68.14038849,86.4082489,84.33571625,83.49140167,81.07234192
296,4427.519,0.822808445,3.93,0,1604,80877,35782,471,1133,399,3614,0.455839902,-0.176260382,10,21.51016426,53.61200714,45515.36719,46566.46484,46510.89453,15231.0957,15309.6377,68.25871277,67.6095047,86.60321045,84.32337952,83.43663788,80.91858673
297,4452.165,0.912365231,7.16,1.5,1283,75762,29918,288,995,258,4062,0.493861407,-0.237563118,10,27.20683098,57.47454834,45553.12891,46446.48047,46707.82031,15284.72461,15375.68457,68.37464142,67.64945984,86.20608521,83.99040985,82.92002106,80.62120056
298,755.5473,1.954874308,5.15,0,599,40960,24851,421,178,421,1472,0.433119923,-0.127790034,10,33.95385742,57.45991135,46409.95703,47094.37891,47245.16016,15306.45313,15366.8125,69.1656723,68.46122742,85.91785431,83.93052673,82.72655487,80.63343811
299,493.5092,2.609880432,10.56,0,611,55521,30673,165,446,165,1241,0.48895359,-0.189229339,10,37.91266632,61.53694153,45398.20703,46221.75391,46545.25,15228.08398,15267.80566,68.66960144,67.97290802,86.29333496,83.88509369,82.53562164,80.36641693
300,4891.212,1.073762504,0.55,1.07,1633,72686,26523,779,854,779,5238,0.488117397,-0.195263103,10,30.56561661,60.69978333,45878.19922,46239.90234,46494.89453,15268.96191,15313.06738,68.64364624,68.0062027,86.47681427,83.85424042,82.61799622,80.41390228
301,2873.03,3.329238205,5.27,0.76,3586,114071,55709,1307,2279,1281,9565,0.477873176,-0.188241988,10,29.42016602,55.00456619,44133.07422,46712.83984,46375.78516,15159.4082,15244.86621,68.61306,67.89433289,86.8103714,84.53398132,83.5258255,81.00421143
302,2010.63,0.979294885,3.1,0,558,37381,19108,400,158,384,1969,0.439813405,-0.178233773,10,30.58011818,50.6612854,46251.04297,46756.51953,47232.94141,15264.18848,15313.46094,68.79145813,68.09281921,85.94880676,83.72419739,82.92835236,80.70011902
303,933.658,2.650863633,2.79,0.61,627,46339,21695,288,339,288,1537,0.421814024,-0.14620854,10,40.49819946,50.72279358,46284.92578,47028.3125,47233.69141,15257.25586,15334.3125,69.12491608,68.37561798,86.17498016,84.16153717,83.52325439,81.26926422
304,5456.932,0.813827323,0,0,1762,84951,39454,687,1075,687,4419,0.430612534,-0.187614396,10,29.11656952,53.85871124,46387.52344,47257.49219,47721.54688,15234.33496,15319.44434,68.90411377,68.16059113,86.30932617,84.28869629,83.39373016,81.10063934
305,3068.804,0.615549184,3.71,0,904,31897,26054,565,339,565,1889,0.565166652,-0.244916052,10,14.99825573,52.77830124,44866.48828,46271.76953,46530.87891,15216.31934,15290.23047,68.11220551,67.43708801,85.96486664,83.70274353,82.64865112,80.40825653
306,0,8.25198109,,,0,,,0,0,0,0,0.675936639,-0.393812209,10,8.144451141,93.82761383,44482.38281,44886.42969,44753.72266,15079.08691,15084.58887,67.70996857,67.4730835,86.41665649,83.56653595,80.39865112,78.76880646